Snippet,CWE,Target
"
{
 string var_JYQACK;
 if (var_62NC6A.var_P3D8I7) 
{
 var_JYQACK = """";
 
{
 try 
{
 using (var_T8RX0T var_8QXWR3 = new var_T8RX0T(""host.example.org"", 39544)) 
{
 using (var_KELRV0 var_4BR6CO = new var_KELRV0(var_8QXWR3.var_XSI6K3())) 
{
 var_JYQACK = var_4BR6CO.var_IWQVAX();
 }
 }
 }
 catch (var_DFMV1E var_C71ATA) 
{
 var_62NC6A.var_QWS8OS.var_LBI2XI(var_S3Q8XZ.var_DLU2J2.var_8DPTFA, var_C71ATA, ""Error with stream reading"");
 }
 }
 }
 else 
{
 var_JYQACK = null;
 }
 var_DYIKQV var_AJFX1A = null;
 try 
{
 var_AJFX1A = var_62NC6A.var_P2C4FL();
 var_AJFX1A.var_3EZH41 = @""Data Source="" + """" + "";
Initial Catalog="" + """" + "";
User ID="" + var_JYQACK + "";
Password="" + """";
 var_AJFX1A.var_OLKLAJ();
 }
 catch (var_0WILRO var_HH5DDR) 
{
 var_62NC6A.var_QWS8OS.var_LBI2XI(var_S3Q8XZ.var_DLU2J2.var_8DPTFA, var_HH5DDR, ""Error getting database connection"");
 }
 finally 
{
 try 
{
 if (var_AJFX1A != null) 
{
 var_AJFX1A.var_SXUOGB();
 }
 }
 catch (var_0WILRO var_HH5DDR) 
{
 var_62NC6A.var_QWS8OS.var_LBI2XI(var_S3Q8XZ.var_DLU2J2.var_8DPTFA, var_HH5DDR, ""Error closing Connection"");
 }
 }
 }
",CWE15,1
"
{
 string var_SDYZER;
 if (var_D5LYYH == 5) 
{
 var_SDYZER = """";
 
{
 var_N99SD5 var_NJGFB1 = var_C7KUQ5.var_3NEIWI;
 if (var_NJGFB1 != null) 
{
 var_SDYZER = var_NJGFB1[0].var_I6UP3T;
 }
 }
 }
 else 
{
 var_SDYZER = null;
 }
 var_3HIZZC var_BZ4W09 = null;
 try 
{
 var_BZ4W09 = var_HMW4VW.var_Q6OQ9V();
 var_BZ4W09.var_LIB23R = @""Data Source="" + """" + "";
Initial Catalog="" + """" + "";
User ID="" + var_SDYZER + "";
Password="" + """";
 var_BZ4W09.var_28DAW6();
 }
 catch (var_LATYGE var_SAD852) 
{
 var_HMW4VW.var_A4IV77.var_W5092T(var_BU47F2.var_A1B2H6.var_Y1RFE5, var_SAD852, ""Error getting database connection"");
 }
 finally 
{
 try 
{
 if (var_BZ4W09 != null) 
{
 var_BZ4W09.var_8KAX43();
 }
 }
 catch (var_LATYGE var_SAD852) 
{
 var_HMW4VW.var_A4IV77.var_W5092T(var_BU47F2.var_A1B2H6.var_Y1RFE5, var_SAD852, ""Error closing Connection"");
 }
 }
 }
",CWE15,1
"
{
 string var_HX644U;
 var_HX644U = """";
 
{
 try 
{
 using (var_7TDOQT var_RZJKJR = new var_7TDOQT(""data.txt"")) 
{
 var_HX644U = var_RZJKJR.var_GOX77F();
 }
 }
 catch (var_89YHXV var_3D8FA5) 
{
 var_AGEV5M.var_2EOZDL.var_NY2IZH(var_QV5SIW.var_NK5473.var_MCRUQC, var_3D8FA5, ""Error with stream reading"");
 }
 }
 var_BHY1DI var_9ZTBYA = null;
 try 
{
 var_9ZTBYA = var_AGEV5M.var_59S02J();
 var_9ZTBYA.var_OFE3N9 = @""Data Source="" + """" + "";
Initial Catalog="" + """" + "";
User ID="" + var_HX644U + "";
Password="" + """";
 var_9ZTBYA.var_27Y5QO();
 }
 catch (var_U2SRGA var_YC1FC5) 
{
 var_AGEV5M.var_2EOZDL.var_NY2IZH(var_QV5SIW.var_NK5473.var_MCRUQC, var_YC1FC5, ""Error getting database connection"");
 }
 finally 
{
 try 
{
 if (var_9ZTBYA != null) 
{
 var_9ZTBYA.var_GPZXVO();
 }
 }
 catch (var_U2SRGA var_YC1FC5) 
{
 var_AGEV5M.var_2EOZDL.var_NY2IZH(var_QV5SIW.var_NK5473.var_MCRUQC, var_YC1FC5, ""Error closing Connection"");
 }
 }
 }
",CWE15,1
"
{
 string var_WV7EHS;
 if (var_9HJEQ3.var_3CXNOG == 5) 
{
 var_WV7EHS = """";
 
{
 try 
{
 using (var_V2451H var_MXD0M0 = new var_V2451H(""data.txt"")) 
{
 var_WV7EHS = var_MXD0M0.var_MKTF01();
 }
 }
 catch (var_LZGBC0 var_2XJLVC) 
{
 var_9HJEQ3.var_1OCF2V.var_1XUABI(var_F6Z734.var_3TX5MA.var_IOYKNH, var_2XJLVC, ""Error with stream reading"");
 }
 }
 }
 else 
{
 var_WV7EHS = null;
 }
 var_USTXJP var_WWGQTQ = null;
 try 
{
 var_WWGQTQ = var_9HJEQ3.var_RTTON7();
 var_WWGQTQ.var_QTVNGK = @""Data Source="" + """" + "";
Initial Catalog="" + """" + "";
User ID="" + var_WV7EHS + "";
Password="" + """";
 var_WWGQTQ.var_BRI684();
 }
 catch (var_SCYGJR var_MZQ7U1) 
{
 var_9HJEQ3.var_1OCF2V.var_1XUABI(var_F6Z734.var_3TX5MA.var_IOYKNH, var_MZQ7U1, ""Error getting database connection"");
 }
 finally 
{
 try 
{
 if (var_WWGQTQ != null) 
{
 var_WWGQTQ.var_3MHIBH();
 }
 }
 catch (var_SCYGJR var_MZQ7U1) 
{
 var_9HJEQ3.var_1OCF2V.var_1XUABI(var_F6Z734.var_3TX5MA.var_IOYKNH, var_MZQ7U1, ""Error closing Connection"");
 }
 }
 }
",CWE15,1
"
{
 string var_SOZMZ3;
 var_SOZMZ3 = """";
 
{
 try 
{
 using (var_7TE981 var_Y08FMI = new var_7TE981(""host.example.org"", 39544)) 
{
 using (var_371LMM var_5RM37S = new var_371LMM(var_Y08FMI.var_USK2V8())) 
{
 var_SOZMZ3 = var_5RM37S.var_RIOMUO();
 }
 }
 }
 catch (var_M1829L var_B7Y7Z4) 
{
 var_FBQ9WB.var_FHEH14.var_K9ZHL6(var_FDKEL3.var_RJBTYM.var_7NUFSU, var_B7Y7Z4, ""Error with stream reading"");
 }
 }
 var_8TQFVW var_C6MPAO = null;
 try 
{
 var_C6MPAO = var_FBQ9WB.var_58OCAA();
 var_C6MPAO.var_VHUNCA = @""Data Source="" + """" + "";
Initial Catalog="" + """" + "";
User ID="" + var_SOZMZ3 + "";
Password="" + """";
 var_C6MPAO.var_IY9RBH();
 }
 catch (var_6AEFAO var_4F6AQW) 
{
 var_FBQ9WB.var_FHEH14.var_K9ZHL6(var_FDKEL3.var_RJBTYM.var_7NUFSU, var_4F6AQW, ""Error getting database connection"");
 }
 finally 
{
 try 
{
 if (var_C6MPAO != null) 
{
 var_C6MPAO.var_OMNEBO();
 }
 }
 catch (var_6AEFAO var_4F6AQW) 
{
 var_FBQ9WB.var_FHEH14.var_K9ZHL6(var_FDKEL3.var_RJBTYM.var_7NUFSU, var_4F6AQW, ""Error closing Connection"");
 }
 }
 }
",CWE15,1
"
{
 string var_OJN0KI;
 if (true) 
{
 var_OJN0KI = """";
 
{
 var_W26TAY var_S3QTUI = var_IWP5Y7.var_AL4AYN;
 if (var_S3QTUI != null) 
{
 var_OJN0KI = var_S3QTUI[0].var_IE7X0U;
 }
 }
 }
 else 
{
 var_OJN0KI = null;
 }
 var_6TPIE1 var_I9SRNY = null;
 try 
{
 var_I9SRNY = var_FHDWXU.var_U52630();
 var_I9SRNY.var_SDRHOF = @""Data Source="" + """" + "";
Initial Catalog="" + """" + "";
User ID="" + var_OJN0KI + "";
Password="" + """";
 var_I9SRNY.var_WLBD0P();
 }
 catch (var_TWV6CQ var_MU484B) 
{
 var_FHDWXU.var_NVULTL.var_1HUPSN(var_S2Z580.var_ECQCIU.var_EIMLCJ, var_MU484B, ""Error getting database connection"");
 }
 finally 
{
 try 
{
 if (var_I9SRNY != null) 
{
 var_I9SRNY.var_OSCBN1();
 }
 }
 catch (var_TWV6CQ var_MU484B) 
{
 var_FHDWXU.var_NVULTL.var_1HUPSN(var_S2Z580.var_ECQCIU.var_EIMLCJ, var_MU484B, ""Error closing Connection"");
 }
 }
 }
",CWE15,1
"
{
 string var_4FWKIA;
 if (var_AXJS53 == 5) 
{
 var_4FWKIA = """";
 
{
 var_VNFOOL var_OUUTOA = var_ZMG00E.var_UHHVGQ;
 if (var_OUUTOA != null) 
{
 var_4FWKIA = var_OUUTOA[0].var_WEYS7F;
 }
 }
 }
 else 
{
 var_4FWKIA = null;
 }
 var_870YDB var_PNCV0P = null;
 try 
{
 var_PNCV0P = var_QW9C4Z.var_47GWZS();
 var_PNCV0P.var_LRJBID = @""Data Source="" + """" + "";
Initial Catalog="" + """" + "";
User ID="" + var_4FWKIA + "";
Password="" + """";
 var_PNCV0P.var_PM0ACN();
 }
 catch (var_2ZBNSP var_MZSVOI) 
{
 var_QW9C4Z.var_23OJRR.var_NFU80K(var_B1D049.var_1TW3EU.var_3V76R7, var_MZSVOI, ""Error getting database connection"");
 }
 finally 
{
 try 
{
 if (var_PNCV0P != null) 
{
 var_PNCV0P.var_VRXROE();
 }
 }
 catch (var_2ZBNSP var_MZSVOI) 
{
 var_QW9C4Z.var_23OJRR.var_NFU80K(var_B1D049.var_1TW3EU.var_3V76R7, var_MZSVOI, ""Error closing Connection"");
 }
 }
 }
",CWE15,1
"
{
 string var_T4KLRW;
 var_KP33W3 = true;
 var_T4KLRW = var_CSN4W6.var_8Y39RP();
 var_3MZ1BY var_VJ5K9A = null;
 try 
{
 var_VJ5K9A = var_5LL224.var_EML1R0();
 var_VJ5K9A.var_OUV3AD = @""Data Source="" + """" + "";
Initial Catalog="" + """" + "";
User ID="" + var_T4KLRW + "";
Password="" + """";
 var_VJ5K9A.var_8934DM();
 }
 catch (var_8XY06N var_50BHWG) 
{
 var_5LL224.var_3GWZOD.var_S309AO(var_J59MJG.var_ZLGBQX.var_LDG8XW, var_50BHWG, ""Error getting database connection"");
 }
 finally 
{
 try 
{
 if (var_VJ5K9A != null) 
{
 var_VJ5K9A.var_P0HARX();
 }
 }
 catch (var_8XY06N var_50BHWG) 
{
 var_5LL224.var_3GWZOD.var_S309AO(var_J59MJG.var_ZLGBQX.var_LDG8XW, var_50BHWG, ""Error closing Connection"");
 }
 }
 }
",CWE15,1
"
{
 string var_FW9SZF;
 var_FW9SZF = """";
 
{
 try 
{
 using (var_0LN3OR var_HFQL1N = var_2ISWIW.var_WVK5QX()) 
{
 var_HFQL1N.var_KO1ZE6();
 using (var_RBD2U9 var_PS7VEB = new var_RBD2U9(null, var_HFQL1N)) 
{
 var_PS7VEB.var_LDHK8I = ""select name from users where id=0"";
 var_PS7VEB.var_BZ6E7E();
 using (var_E5G3E6 var_II0LNZ = var_PS7VEB.var_CPE49D()) 
{
 var_FW9SZF = var_II0LNZ.var_58R9WG(1);
 }
 }
 }
 }
 catch (var_FR1LL5 var_BTMC0J) 
{
 var_2ISWIW.var_ANEW3V.var_KWFS3V(var_XPX6YV.var_0RXIG3.var_G1YD2E, var_BTMC0J, ""Error with SQL statement"");
 }
 }
 var_6GRT3L var_GVG7EO = new var_6GRT3L(5);
 var_GVG7EO.var_H2TA41(0, var_FW9SZF);
 var_GVG7EO.var_H2TA41(1, var_FW9SZF);
 var_GVG7EO.var_H2TA41(2, var_FW9SZF);
 var_UNPZRV.var_926KE7(var_GVG7EO  );
 }
",CWE15,1
"
{
 string var_KD47FE;
 var_KD47FE = var_RSY4C2.var_OA4QT0(""ADD"");
 var_I5EJ5K.var_IXAEU2(var_KD47FE );
 }
",CWE15,1
"
{
 string var_WRLYZA;
 var_WRLYZA = """";
 
{
 try 
{
 using (var_CK1OZ5 var_MDZBI4 = new var_CK1OZ5(""data.txt"")) 
{
 var_WRLYZA = var_MDZBI4.var_G41WZD();
 }
 }
 catch (var_809PUM var_VF1GUT) 
{
 var_XPRUZV.var_P8D18Y.var_0WVWSV(var_AM6ZNU.var_BBQIJK.var_SGFBOK, var_VF1GUT, ""Error with stream reading"");
 }
 }
 var_MJUTCH var_288L5T = new var_MJUTCH();
 var_288L5T.var_WABF7L = var_WRLYZA;
 var_KFV1QU.var_FMLL1L(var_288L5T  );
 }
",CWE15,1
"
{
 string var_THKXWA;
 while (true) 
{
 var_THKXWA = """";
 
{
 try 
{
 using (var_98AKKC var_R1FP0A = new var_98AKKC(""host.example.org"", 39544)) 
{
 using (var_2WJ940 var_ZEQKQR = new var_2WJ940(var_R1FP0A.var_GBFPAJ())) 
{
 var_THKXWA = var_ZEQKQR.var_KWX65H();
 }
 }
 }
 catch (var_4G1F7C var_7HKMN9) 
{
 var_IO3IDQ.var_RI0S7C.var_X0TTL3(var_IBTGZ9.var_8LPUV5.var_UZG200, var_7HKMN9, ""Error with stream reading"");
 }
 }
 break;
 }
 var_MDS0G7 var_FPRH0Q = null;
 try 
{
 var_FPRH0Q = var_IO3IDQ.var_QDJMZ4();
 var_FPRH0Q.var_2S72P6 = @""Data Source="" + """" + "";
Initial Catalog="" + """" + "";
User ID="" + var_THKXWA + "";
Password="" + """";
 var_FPRH0Q.var_QN5P1V();
 }
 catch (var_PZT3TZ var_JD8RJL) 
{
 var_IO3IDQ.var_RI0S7C.var_X0TTL3(var_IBTGZ9.var_8LPUV5.var_UZG200, var_JD8RJL, ""Error getting database connection"");
 }
 finally 
{
 try 
{
 if (var_FPRH0Q != null) 
{
 var_FPRH0Q.var_CSGETU();
 }
 }
 catch (var_PZT3TZ var_JD8RJL) 
{
 var_IO3IDQ.var_RI0S7C.var_X0TTL3(var_IBTGZ9.var_8LPUV5.var_UZG200, var_JD8RJL, ""Error closing Connection"");
 }
 }
 }
",CWE15,1
"
{
 string var_G90WMQ;
 var_G90WMQ = """";
 
{
 try 
{
 using (var_V0DIG5 var_CF3V3B = new var_V0DIG5(""host.example.org"", 39544)) 
{
 using (var_LFUGSA var_46TH9U = new var_LFUGSA(var_CF3V3B.var_FNOLI4())) 
{
 var_G90WMQ = var_46TH9U.var_MSPJ2Y();
 }
 }
 }
 catch (var_RB35CQ var_B7YBE6) 
{
 var_BCZJ1W.var_PC99KK.var_UDB8PK(var_QCE3SP.var_NN87OK.var_0M7937, var_B7YBE6, ""Error with stream reading"");
 }
 }
 var_G90WMQ = var_G90WMQ;
 var_9HBFG7();
 }
",CWE15,1
"
{
 string var_249IV8;
 var_249IV8 = """";
 
{
 try 
{
 using (var_7B04NG var_6JYUMD = new var_7B04NG(""host.example.org"", 39544)) 
{
 using (var_XAX2MQ var_2QV833 = new var_XAX2MQ(var_6JYUMD.var_T6IW7Z())) 
{
 var_249IV8 = var_2QV833.var_V67H1M();
 }
 }
 }
 catch (var_SRR2QZ var_I1R7DO) 
{
 var_QKSH93.var_O9R7E6.var_VAKLV9(var_E1WVC0.var_XBM72H.var_V90RKG, var_I1R7DO, ""Error with stream reading"");
 }
 }
 for (int var_ABTFRP = 0;
 var_ABTFRP < 1;
 var_ABTFRP++) 
{
 var_L2FOC4 var_S8ZP6D = null;
 try 
{
 var_S8ZP6D = var_QKSH93.var_06P356();
 var_S8ZP6D.var_5XC0RZ = @""Data Source="" + """" + "";
Initial Catalog="" + """" + "";
User ID="" + var_249IV8 + "";
Password="" + """";
 var_S8ZP6D.var_58X1MH();
 }
 catch (var_41HVES var_WPUA1Y) 
{
 var_QKSH93.var_O9R7E6.var_VAKLV9(var_E1WVC0.var_XBM72H.var_V90RKG, var_WPUA1Y, ""Error getting database connection"");
 }
 finally 
{
 try 
{
 if (var_S8ZP6D != null) 
{
 var_S8ZP6D.var_BNU4TN();
 }
 }
 catch (var_41HVES var_WPUA1Y) 
{
 var_QKSH93.var_O9R7E6.var_VAKLV9(var_E1WVC0.var_XBM72H.var_V90RKG, var_WPUA1Y, ""Error closing Connection"");
 }
 }
 }
 }
",CWE15,1
"
{
 string var_RC0TM9 = var_9Z06UU();
 var_JA9B2P var_WOB02V = null;
 try 
{
 var_WOB02V = var_7R5041.var_1YRJ12();
 var_WOB02V.var_X5IZBS = @""Data Source="" + """" + "";
Initial Catalog="" + """" + "";
User ID="" + var_RC0TM9 + "";
Password="" + """";
 var_WOB02V.var_951REQ();
 }
 catch (var_TQDRI5 var_SJRI13) 
{
 var_7R5041.var_771PEC.var_456C5S(var_J5ITJ9.var_XQ6KMA.var_8P361C, var_SJRI13, ""Error getting database connection"");
 }
 finally 
{
 try 
{
 if (var_WOB02V != null) 
{
 var_WOB02V.var_YYRVST();
 }
 }
 catch (var_TQDRI5 var_SJRI13) 
{
 var_7R5041.var_771PEC.var_456C5S(var_J5ITJ9.var_XQ6KMA.var_8P361C, var_SJRI13, ""Error closing Connection"");
 }
 }
 }
",CWE15,1
"
{
 string var_YG9N6H;
 var_OHE6WF = true;
 var_YG9N6H = var_SRN4E5();
 var_KFS6CB var_2L5FHM = null;
 try 
{
 var_2L5FHM = var_GFN2E4.var_5QJ1BC();
 var_2L5FHM.var_5DF181 = @""Data Source="" + """" + "";
Initial Catalog="" + """" + "";
User ID="" + var_YG9N6H + "";
Password="" + """";
 var_2L5FHM.var_3MEFED();
 }
 catch (var_DHSPEJ var_6PATQV) 
{
 var_GFN2E4.var_2YBFC1.var_5B4QCW(var_EFPRY6.var_JZ6I5C.var_8LNP55, var_6PATQV, ""Error getting database connection"");
 }
 finally 
{
 try 
{
 if (var_2L5FHM != null) 
{
 var_2L5FHM.var_RPUDB6();
 }
 }
 catch (var_DHSPEJ var_6PATQV) 
{
 var_GFN2E4.var_2YBFC1.var_5B4QCW(var_EFPRY6.var_JZ6I5C.var_8LNP55, var_6PATQV, ""Error closing Connection"");
 }
 }
 }
",CWE15,1
"
{
 string var_1GR7AL;
 if (var_Z6DZUT.var_XS1IA8) 
{
 var_1GR7AL = var_KPH195.var_5ADVMB(""ADD"");
 }
 else 
{
 var_1GR7AL = null;
 }
 var_5XPS5O var_YWRJ2O = null;
 try 
{
 var_YWRJ2O = var_Z6DZUT.var_C3I9OC();
 var_YWRJ2O.var_1B7T56 = @""Data Source="" + """" + "";
Initial Catalog="" + """" + "";
User ID="" + var_1GR7AL + "";
Password="" + """";
 var_YWRJ2O.var_OMGW0K();
 }
 catch (var_H8AT1Z var_SAGYA0) 
{
 var_Z6DZUT.var_1DOV4C.var_U8BY4C(var_XCLN5C.var_UYBABH.var_O7YU31, var_SAGYA0, ""Error getting database connection"");
 }
 finally 
{
 try 
{
 if (var_YWRJ2O != null) 
{
 var_YWRJ2O.var_0GKLT3();
 }
 }
 catch (var_H8AT1Z var_SAGYA0) 
{
 var_Z6DZUT.var_1DOV4C.var_U8BY4C(var_XCLN5C.var_UYBABH.var_O7YU31, var_SAGYA0, ""Error closing Connection"");
 }
 }
 }
",CWE15,1
"
{
 string var_VKJDJ9;
 if (var_1IBX50.var_6Q8P8W) 
{
 var_VKJDJ9 = """";
 
{
 try 
{
 using (var_QKT4IG var_AKAURH = var_1IBX50.var_K3BX1B()) 
{
 var_AKAURH.var_CBFXGF();
 using (var_HWXZ7P var_1RWC85 = new var_HWXZ7P(null, var_AKAURH)) 
{
 var_1RWC85.var_JRP86D = ""select name from users where id=0"";
 var_1RWC85.var_LUU3FR();
 using (var_ZP470Y var_P9K0ZO = var_1RWC85.var_3K0HJ3()) 
{
 var_VKJDJ9 = var_P9K0ZO.var_9N7APG(1);
 }
 }
 }
 }
 catch (var_AU8KU8 var_EQ8VRF) 
{
 var_1IBX50.var_2L1UR1.var_JVMALC(var_8WELJG.var_NCCW9P.var_NX99UP, var_EQ8VRF, ""Error with SQL statement"");
 }
 }
 }
 else 
{
 var_VKJDJ9 = null;
 }
 var_QKT4IG var_1G5MQ3 = null;
 try 
{
 var_1G5MQ3 = var_1IBX50.var_K3BX1B();
 var_1G5MQ3.var_LL3P55 = @""Data Source="" + """" + "";
Initial Catalog="" + """" + "";
User ID="" + var_VKJDJ9 + "";
Password="" + """";
 var_1G5MQ3.var_CBFXGF();
 }
 catch (var_AU8KU8 var_EQ8VRF) 
{
 var_1IBX50.var_2L1UR1.var_JVMALC(var_8WELJG.var_NCCW9P.var_NX99UP, var_EQ8VRF, ""Error getting database connection"");
 }
 finally 
{
 try 
{
 if (var_1G5MQ3 != null) 
{
 var_1G5MQ3.var_PN67V2();
 }
 }
 catch (var_AU8KU8 var_EQ8VRF) 
{
 var_1IBX50.var_2L1UR1.var_JVMALC(var_8WELJG.var_NCCW9P.var_NX99UP, var_EQ8VRF, ""Error closing Connection"");
 }
 }
 }
",CWE15,1
"
{
 string var_1829A5;
 var_1829A5 = """";
 
{
 try 
{
 using (var_0P2XHN var_R1Z74N = var_TX0E4S.var_1P0FXV()) 
{
 var_R1Z74N.var_EZV48L();
 using (var_GJF7JZ var_HLQXGC = new var_GJF7JZ(null, var_R1Z74N)) 
{
 var_HLQXGC.var_C0GKCY = ""select name from users where id=0"";
 var_HLQXGC.var_B0VJJV();
 using (var_OEK0BK var_AOQ3KN = var_HLQXGC.var_MISUKU()) 
{
 var_1829A5 = var_AOQ3KN.var_9MVNEV(1);
 }
 }
 }
 }
 catch (var_2KBNPY var_6RZJR5) 
{
 var_TX0E4S.var_8N1FRM.var_OAQ3EQ(var_FO00BD.var_RMO1YD.var_02ALJI, var_6RZJR5, ""Error with SQL statement"");
 }
 }
 var_FWM7BG.var_ERKUS6(var_1829A5 );
 }
",CWE15,1
"
{
 string var_8TBXLC = var_H4OUOE.var_DS7X62();
 var_HSC7W9 var_O7WM0F = null;
 try 
{
 var_O7WM0F = var_EUM07B.var_Q51TJG();
 var_O7WM0F.var_VO66DO = @""Data Source="" + """" + "";
Initial Catalog="" + """" + "";
User ID="" + var_8TBXLC + "";
Password="" + """";
 var_O7WM0F.var_DBHQIO();
 }
 catch (var_L012Y0 var_XQANZ6) 
{
 var_EUM07B.var_SEZMH3.var_98GR2M(var_A8O3XG.var_7FYG47.var_I22YTU, var_XQANZ6, ""Error getting database connection"");
 }
 finally 
{
 try 
{
 if (var_O7WM0F != null) 
{
 var_O7WM0F.var_27BE41();
 }
 }
 catch (var_L012Y0 var_XQANZ6) 
{
 var_EUM07B.var_SEZMH3.var_98GR2M(var_A8O3XG.var_7FYG47.var_I22YTU, var_XQANZ6, ""Error closing Connection"");
 }
 }
 }
",CWE15,1
"
{
 string var_PMYDNX;
 var_PMYDNX = """";
 
{
 try 
{
 using (var_9CDFJ4 var_CM32PM = new var_9CDFJ4(""data.txt"")) 
{
 var_PMYDNX = var_CM32PM.var_JKAAMA();
 }
 }
 catch (var_36NRFU var_8TKRYE) 
{
 var_JL1JIS.var_EO3HVW.var_G9VLQ9(var_YZS9NJ.var_205V7V.var_A1QYMB, var_8TKRYE, ""Error with stream reading"");
 }
 }
 var_FX2696 var_YC7N50 = new var_5TJR3G();
 var_YC7N50.var_UDGI22(var_PMYDNX );
 }
",CWE15,1
"
{
 string var_YFENMX;
 var_YFENMX = """";
 
{
 try 
{
 using (var_LQHOY7 var_LLDVT5 = new var_LQHOY7(""data.txt"")) 
{
 var_YFENMX = var_LLDVT5.var_I6WE91();
 }
 }
 catch (var_RG0GHP var_K2T9L7) 
{
 var_6E1AD1.var_34BKHI.var_GHDUZR(var_RGAQKK.var_35NG5N.var_04OYSD, var_K2T9L7, ""Error with stream reading"");
 }
 }
 for (int var_77APC1 = 0;
 var_77APC1 < 1;
 var_77APC1++) 
{
 var_O8JRL9 var_83RM6O = null;
 try 
{
 var_83RM6O = var_6E1AD1.var_CTYNGA();
 var_83RM6O.var_2K3NPC = @""Data Source="" + """" + "";
Initial Catalog="" + """" + "";
User ID="" + var_YFENMX + "";
Password="" + """";
 var_83RM6O.var_O0YGT2();
 }
 catch (var_AWHZTZ var_BEL1B0) 
{
 var_6E1AD1.var_34BKHI.var_GHDUZR(var_RGAQKK.var_35NG5N.var_04OYSD, var_BEL1B0, ""Error getting database connection"");
 }
 finally 
{
 try 
{
 if (var_83RM6O != null) 
{
 var_83RM6O.var_UR91YR();
 }
 }
 catch (var_AWHZTZ var_BEL1B0) 
{
 var_6E1AD1.var_34BKHI.var_GHDUZR(var_RGAQKK.var_35NG5N.var_04OYSD, var_BEL1B0, ""Error closing Connection"");
 }
 }
 }
 }
",CWE15,1
"
{
 string var_1LBSJF;
 var_1LBSJF = """";
 
{
 try 
{
 using (var_YXM6WG var_G05FD5 = var_ZUN8IQ.var_NDKDKS()) 
{
 var_G05FD5.var_XLL1H7();
 using (var_0K7MZN var_OVUH9X = new var_0K7MZN(null, var_G05FD5)) 
{
 var_OVUH9X.var_C6HGAV = ""select name from users where id=0"";
 var_OVUH9X.var_46JSOP();
 using (var_B7WLFQ var_MTBTJI = var_OVUH9X.var_URIY23()) 
{
 var_1LBSJF = var_MTBTJI.var_5UF4XT(1);
 }
 }
 }
 }
 catch (var_3BEE15 var_TCDL1X) 
{
 var_ZUN8IQ.var_4MAI0Z.var_Z6DTUC(var_43Q09G.var_6AFKDB.var_GPGEIT, var_TCDL1X, ""Error with SQL statement"");
 }
 }
 var_SXEY7H(var_1LBSJF  );
 }
",CWE15,1
"
{
 string var_M9XI0O;
 var_M9XI0O = """";
 
{
 try 
{
 using (var_F1HEXW var_DE4D8C = new var_F1HEXW(""host.example.org"", 39544)) 
{
 using (var_TUPJB8 var_EWF4F0 = new var_TUPJB8(var_DE4D8C.var_TYKTQG())) 
{
 var_M9XI0O = var_EWF4F0.var_UEJ0XO();
 }
 }
 }
 catch (var_1JZ9QR var_YJMWCN) 
{
 var_BQH8SK.var_R0YCKW.var_HK6B6E(var_F73AKY.var_9OIPNE.var_N3QUXK, var_YJMWCN, ""Error with stream reading"");
 }
 }
 var_YKYMPD var_6WJY5O = new var_YKYMPD();
 var_6WJY5O.var_V3GRC0 = var_M9XI0O;
 var_9VH4HF.var_H56FIP(var_6WJY5O  );
 }
",CWE15,1
"
{
 string var_XV5GKP = var_HVH71R.var_UTVE28();
 var_803C6P var_6DYJG2 = null;
 try 
{
 var_6DYJG2 = var_DM5TZI.var_QOOV7Q();
 var_6DYJG2.var_HSN8MX = @""Data Source="" + """" + "";
Initial Catalog="" + """" + "";
User ID="" + var_XV5GKP + "";
Password="" + """";
 var_6DYJG2.var_Z3C6BN();
 }
 catch (var_WE675M var_56DSTN) 
{
 var_DM5TZI.var_F15HVY.var_ZNOLSY(var_RGXO87.var_GQ94O6.var_R4418O, var_56DSTN, ""Error getting database connection"");
 }
 finally 
{
 try 
{
 if (var_6DYJG2 != null) 
{
 var_6DYJG2.var_LRP33C();
 }
 }
 catch (var_WE675M var_56DSTN) 
{
 var_DM5TZI.var_F15HVY.var_ZNOLSY(var_RGXO87.var_GQ94O6.var_R4418O, var_56DSTN, ""Error closing Connection"");
 }
 }
 }
",CWE15,1
"
{
 string var_DMFE4T;
 if (var_F6BBWE()) 
{
 var_DMFE4T = """";
 
{
 var_A9ZI84 var_BO5XBH = var_CGQAH3.var_9PETT3;
 if (var_BO5XBH != null) 
{
 var_DMFE4T = var_BO5XBH[0].var_LYWWRA;
 }
 }
 }
 else 
{
 var_DMFE4T = null;
 }
 var_5LAHS5 var_0MS6R7 = null;
 try 
{
 var_0MS6R7 = var_EN3ZZI.var_JX5NTK();
 var_0MS6R7.var_TFKR86 = @""Data Source="" + """" + "";
Initial Catalog="" + """" + "";
User ID="" + var_DMFE4T + "";
Password="" + """";
 var_0MS6R7.var_F9WMT5();
 }
 catch (var_UPAUF1 var_KYGFKE) 
{
 var_EN3ZZI.var_QIA8IV.var_JFOZH2(var_Q1JCHY.var_2ZISLG.var_M7CO1C, var_KYGFKE, ""Error getting database connection"");
 }
 finally 
{
 try 
{
 if (var_0MS6R7 != null) 
{
 var_0MS6R7.var_XPKDHA();
 }
 }
 catch (var_UPAUF1 var_KYGFKE) 
{
 var_EN3ZZI.var_QIA8IV.var_JFOZH2(var_Q1JCHY.var_2ZISLG.var_M7CO1C, var_KYGFKE, ""Error closing Connection"");
 }
 }
 }
",CWE15,1
"
{
 string var_2ULFAH = null;
 switch (6) 
{
 case 6: var_2ULFAH = """";
 
{
 try 
{
 using (var_7GZQEG var_GPFH3Y = var_10D764.var_T85JJ6()) 
{
 var_GPFH3Y.var_08UT8U();
 using (var_JUMJ4X var_0D2RLD = new var_JUMJ4X(null, var_GPFH3Y)) 
{
 var_0D2RLD.var_Y5KMVG = ""select name from users where id=0"";
 var_0D2RLD.var_442T42();
 using (var_4BF243 var_DGQ20Y = var_0D2RLD.var_FDSA8C()) 
{
 var_2ULFAH = var_DGQ20Y.var_TV8923(1);
 }
 }
 }
 }
 catch (var_NDSHHA var_AKS9CK) 
{
 var_10D764.var_EQGKSL.var_2MJMZP(var_NK5Z75.var_GHZXD8.var_4FAHG8, var_AKS9CK, ""Error with SQL statement"");
 }
 }
 break;
 default: var_2ULFAH = null;
 break;
 }
 var_7GZQEG var_T91PMI = null;
 try 
{
 var_T91PMI = var_10D764.var_T85JJ6();
 var_T91PMI.var_Q6HGTP = @""Data Source="" + """" + "";
Initial Catalog="" + """" + "";
User ID="" + var_2ULFAH + "";
Password="" + """";
 var_T91PMI.var_08UT8U();
 }
 catch (var_NDSHHA var_AKS9CK) 
{
 var_10D764.var_EQGKSL.var_2MJMZP(var_NK5Z75.var_GHZXD8.var_4FAHG8, var_AKS9CK, ""Error getting database connection"");
 }
 finally 
{
 try 
{
 if (var_T91PMI != null) 
{
 var_T91PMI.var_KXYOAE();
 }
 }
 catch (var_NDSHHA var_AKS9CK) 
{
 var_10D764.var_EQGKSL.var_2MJMZP(var_NK5Z75.var_GHZXD8.var_4FAHG8, var_AKS9CK, ""Error closing Connection"");
 }
 }
 }
",CWE15,1
"
{
 string var_LWJO8P;
 if (var_MD6XSQ) 
{
 var_LWJO8P = """";
 
{
 try 
{
 using (var_SWKZSY var_8IH7XU = new var_SWKZSY(""host.example.org"", 39544)) 
{
 using (var_10T67W var_B1ZBW4 = new var_10T67W(var_8IH7XU.var_0ZGM13())) 
{
 var_LWJO8P = var_B1ZBW4.var_6R39Y1();
 }
 }
 }
 catch (var_ZND4VX var_BS9D0P) 
{
 var_MR3DH1.var_OZAPDA.var_JNKV3H(var_53BP5C.var_8INKY4.var_BCZIHW, var_BS9D0P, ""Error with stream reading"");
 }
 }
 }
 else 
{
 var_LWJO8P = null;
 }
 var_OIFSB5 var_ZU2IQP = null;
 try 
{
 var_ZU2IQP = var_MR3DH1.var_FRNV2F();
 var_ZU2IQP.var_FNROLY = @""Data Source="" + """" + "";
Initial Catalog="" + """" + "";
User ID="" + var_LWJO8P + "";
Password="" + """";
 var_ZU2IQP.var_KBITFC();
 }
 catch (var_DOHS16 var_GUHPHI) 
{
 var_MR3DH1.var_OZAPDA.var_JNKV3H(var_53BP5C.var_8INKY4.var_BCZIHW, var_GUHPHI, ""Error getting database connection"");
 }
 finally 
{
 try 
{
 if (var_ZU2IQP != null) 
{
 var_ZU2IQP.var_3B3UWL();
 }
 }
 catch (var_DOHS16 var_GUHPHI) 
{
 var_MR3DH1.var_OZAPDA.var_JNKV3H(var_53BP5C.var_8INKY4.var_BCZIHW, var_GUHPHI, ""Error closing Connection"");
 }
 }
 }
",CWE15,1
"
{
 string var_PKDQFZ;
 var_PKDQFZ = """";
 
{
 try 
{
 using (var_UVXKJQ var_EROPUW = var_0FFYWA.var_AXOZPM()) 
{
 var_EROPUW.var_G4G7QL();
 using (var_DJLYV0 var_JUFXHW = new var_DJLYV0(null, var_EROPUW)) 
{
 var_JUFXHW.var_UNRGIY = ""select name from users where id=0"";
 var_JUFXHW.var_O50WCN();
 using (var_AOZPRQ var_POX6Q0 = var_JUFXHW.var_KPBG3I()) 
{
 var_PKDQFZ = var_POX6Q0.var_R8DB7V(1);
 }
 }
 }
 }
 catch (var_EFCAHS var_NG1JNL) 
{
 var_0FFYWA.var_TQDPDG.var_N0VMCM(var_W4AGG3.var_JI3QLG.var_NHIXPO, var_NG1JNL, ""Error with SQL statement"");
 }
 }
 var_4GNSPV.var_TF9Y0T(var_PKDQFZ );
 }
",CWE15,1
"
{
 string var_G7J7JA;
 if (var_CFRZEX) 
{
 var_G7J7JA = var_0LPAMQ.var_9JBFOU(""ADD"");
 }
 else 
{
 var_G7J7JA = null;
 }
 var_MF3R04 var_ZRHLT9 = null;
 try 
{
 var_ZRHLT9 = var_JZZ55Z.var_8R06ZG();
 var_ZRHLT9.var_NURAPZ = @""Data Source="" + """" + "";
Initial Catalog="" + """" + "";
User ID="" + var_G7J7JA + "";
Password="" + """";
 var_ZRHLT9.var_5OWNFP();
 }
 catch (var_S03Q52 var_CTDOGI) 
{
 var_JZZ55Z.var_W24JSZ.var_RITYZ6(var_H6JNG5.var_NQKMC8.var_JL4CC2, var_CTDOGI, ""Error getting database connection"");
 }
 finally 
{
 try 
{
 if (var_ZRHLT9 != null) 
{
 var_ZRHLT9.var_KC6JXS();
 }
 }
 catch (var_S03Q52 var_CTDOGI) 
{
 var_JZZ55Z.var_W24JSZ.var_RITYZ6(var_H6JNG5.var_NQKMC8.var_JL4CC2, var_CTDOGI, ""Error closing Connection"");
 }
 }
 }
",CWE15,1
"
{
 string var_4F7DUN;
 if (var_5WVWN3) 
{
 var_4F7DUN = """";
 
{
 try 
{
 using (var_HID68X var_WNOXE5 = new var_HID68X(""data.txt"")) 
{
 var_4F7DUN = var_WNOXE5.var_ENYWVT();
 }
 }
 catch (var_D5OIYY var_BDSAN4) 
{
 var_1M2OPT.var_YL1SG8.var_1HEN82(var_TKXQKF.var_VRMKPG.var_FRC2XP, var_BDSAN4, ""Error with stream reading"");
 }
 }
 }
 else 
{
 var_4F7DUN = null;
 }
 var_EAZ796 var_73KAQ3 = null;
 try 
{
 var_73KAQ3 = var_1M2OPT.var_Y7YPDE();
 var_73KAQ3.var_UORJV9 = @""Data Source="" + """" + "";
Initial Catalog="" + """" + "";
User ID="" + var_4F7DUN + "";
Password="" + """";
 var_73KAQ3.var_JAQKNU();
 }
 catch (var_IUP9DI var_U47DKK) 
{
 var_1M2OPT.var_YL1SG8.var_1HEN82(var_TKXQKF.var_VRMKPG.var_FRC2XP, var_U47DKK, ""Error getting database connection"");
 }
 finally 
{
 try 
{
 if (var_73KAQ3 != null) 
{
 var_73KAQ3.var_LIDRBX();
 }
 }
 catch (var_IUP9DI var_U47DKK) 
{
 var_1M2OPT.var_YL1SG8.var_1HEN82(var_TKXQKF.var_VRMKPG.var_FRC2XP, var_U47DKK, ""Error closing Connection"");
 }
 }
 }
",CWE15,1
"
{
 string var_LRMW85;
 
{
 string var_VXNUL3;
 var_VXNUL3 = """";
 
{
 try 
{
 using (var_NUZ0B7 var_LFGO2K = new var_NUZ0B7(""data.txt"")) 
{
 var_VXNUL3 = var_LFGO2K.var_L4T1IA();
 }
 }
 catch (var_959KS6 var_MRNECP) 
{
 var_INCZ8X.var_FOYXA9.var_9IHYD9(var_KCY6PU.var_PO9PA6.var_NMTV1J, var_MRNECP, ""Error with stream reading"");
 }
 }
 var_LRMW85 = var_VXNUL3;
 }
 
{
 string var_VXNUL3 = var_LRMW85;
 var_QYSK45 var_ZNH59Q = null;
 try 
{
 var_ZNH59Q = var_INCZ8X.var_PF96WP();
 var_ZNH59Q.var_J0WO9Z = @""Data Source="" + """" + "";
Initial Catalog="" + """" + "";
User ID="" + var_VXNUL3 + "";
Password="" + """";
 var_ZNH59Q.var_X5QBD7();
 }
 catch (var_9PJB7G var_2GP46C) 
{
 var_INCZ8X.var_FOYXA9.var_9IHYD9(var_KCY6PU.var_PO9PA6.var_NMTV1J, var_2GP46C, ""Error getting database connection"");
 }
 finally 
{
 try 
{
 if (var_ZNH59Q != null) 
{
 var_ZNH59Q.var_BX1HRW();
 }
 }
 catch (var_9PJB7G var_2GP46C) 
{
 var_INCZ8X.var_FOYXA9.var_9IHYD9(var_KCY6PU.var_PO9PA6.var_NMTV1J, var_2GP46C, ""Error closing Connection"");
 }
 }
 }
 }
",CWE15,1
"
{
 string var_6NGJ4N;
 var_6NGJ4N = """";
 
{
 try 
{
 using (var_KZXL7Z var_92VN2P = new var_KZXL7Z(""data.txt"")) 
{
 var_6NGJ4N = var_92VN2P.var_CJLP6S();
 }
 }
 catch (var_J6TCH5 var_0BP9YM) 
{
 var_4DME4W.var_15IHJ2.var_N4BETT(var_OJTCSV.var_IKOYD6.var_XMDBW7, var_0BP9YM, ""Error with stream reading"");
 }
 }
 var_H8BN9O.var_94LGRM(var_6NGJ4N );
 }
",CWE15,1
"
{
 string var_9GUMZK;
 var_XDD7CS = true;
 var_9GUMZK = var_Z416WM.var_NSQ1UO();
 var_MUEY4A var_58MTNZ = null;
 try 
{
 var_58MTNZ = var_X8PZP8.var_P1A8VF();
 var_58MTNZ.var_LG3K8R = @""Data Source="" + """" + "";
Initial Catalog="" + """" + "";
User ID="" + var_9GUMZK + "";
Password="" + """";
 var_58MTNZ.var_TOMROX();
 }
 catch (var_G0GLM2 var_RSMQKI) 
{
 var_X8PZP8.var_AI2LAH.var_DF8ZG4(var_9GBNLP.var_N8OIYV.var_6KAA1E, var_RSMQKI, ""Error getting database connection"");
 }
 finally 
{
 try 
{
 if (var_58MTNZ != null) 
{
 var_58MTNZ.var_1UTQW0();
 }
 }
 catch (var_G0GLM2 var_RSMQKI) 
{
 var_X8PZP8.var_AI2LAH.var_DF8ZG4(var_9GBNLP.var_N8OIYV.var_6KAA1E, var_RSMQKI, ""Error closing Connection"");
 }
 }
 }
",CWE15,1
"
{
 string var_WV58D3;
 var_WV58D3 = var_43ONAI.var_FOZWUZ(""ADD"");
 var_CPJQVL.var_1N8MTC(var_WV58D3  );
 }
",CWE15,1
"
{
 string var_QQWQPK;
 if (var_S6W7IJ) 
{
 var_QQWQPK = var_8MHXXU.var_4B6RVD(""ADD"");
 }
 else 
{
 var_QQWQPK = null;
 }
 var_7Y4BIN var_QO5U44 = null;
 try 
{
 var_QO5U44 = var_F0QCWI.var_VYERQX();
 var_QO5U44.var_YTIHJM = @""Data Source="" + """" + "";
Initial Catalog="" + """" + "";
User ID="" + var_QQWQPK + "";
Password="" + """";
 var_QO5U44.var_SA61FD();
 }
 catch (var_8UZU31 var_HGGJFL) 
{
 var_F0QCWI.var_CJ09AN.var_8H4LF7(var_2UHJ48.var_QX7QV2.var_UBCIK3, var_HGGJFL, ""Error getting database connection"");
 }
 finally 
{
 try 
{
 if (var_QO5U44 != null) 
{
 var_QO5U44.var_AAOSRP();
 }
 }
 catch (var_8UZU31 var_HGGJFL) 
{
 var_F0QCWI.var_CJ09AN.var_8H4LF7(var_2UHJ48.var_QX7QV2.var_UBCIK3, var_HGGJFL, ""Error closing Connection"");
 }
 }
 }
",CWE15,1
"
{
 string var_WGDN3Q;
 if (var_3OIB31.var_94TZ2N()) 
{
 var_WGDN3Q = """";
 
{
 try 
{
 using (var_IB44V8 var_2NW7BC = var_3OIB31.var_AJ0ILT()) 
{
 var_2NW7BC.var_EIVT29();
 using (var_A5ECI1 var_D9M0KR = new var_A5ECI1(null, var_2NW7BC)) 
{
 var_D9M0KR.var_ZDZET2 = ""select name from users where id=0"";
 var_D9M0KR.var_Q4MD0G();
 using (var_BR8Y8O var_DNAQKM = var_D9M0KR.var_S20NI7()) 
{
 var_WGDN3Q = var_DNAQKM.var_YSLN5F(1);
 }
 }
 }
 }
 catch (var_GB49GY var_WRYQHK) 
{
 var_3OIB31.var_90ENKK.var_R1DUD1(var_XD4ZYQ.var_6CS3ZP.var_U07JIO, var_WRYQHK, ""Error with SQL statement"");
 }
 }
 }
 else 
{
 var_WGDN3Q = null;
 }
 var_IB44V8 var_S2NC5O = null;
 try 
{
 var_S2NC5O = var_3OIB31.var_AJ0ILT();
 var_S2NC5O.var_1VN1RW = @""Data Source="" + """" + "";
Initial Catalog="" + """" + "";
User ID="" + var_WGDN3Q + "";
Password="" + """";
 var_S2NC5O.var_EIVT29();
 }
 catch (var_GB49GY var_WRYQHK) 
{
 var_3OIB31.var_90ENKK.var_R1DUD1(var_XD4ZYQ.var_6CS3ZP.var_U07JIO, var_WRYQHK, ""Error getting database connection"");
 }
 finally 
{
 try 
{
 if (var_S2NC5O != null) 
{
 var_S2NC5O.var_7MKJ9Q();
 }
 }
 catch (var_GB49GY var_WRYQHK) 
{
 var_3OIB31.var_90ENKK.var_R1DUD1(var_XD4ZYQ.var_6CS3ZP.var_U07JIO, var_WRYQHK, ""Error closing Connection"");
 }
 }
 }
",CWE15,1
"
{
 string var_507UR7;
 if (5 == 5) 
{
 var_507UR7 = """";
 
{
 try 
{
 using (var_1LPZDF var_K1AA9O = new var_1LPZDF(""host.example.org"", 39544)) 
{
 using (var_12R62A var_XVH9XK = new var_12R62A(var_K1AA9O.var_ONK7YW())) 
{
 var_507UR7 = var_XVH9XK.var_OTUNAQ();
 }
 }
 }
 catch (var_2OJDQU var_YV1QKB) 
{
 var_LOSOZ4.var_RJ09E5.var_ZV3L9N(var_AN9FV2.var_S6QGJ7.var_CSN7CY, var_YV1QKB, ""Error with stream reading"");
 }
 }
 }
 else 
{
 var_507UR7 = null;
 }
 var_LL8SNY var_LY7CIK = null;
 try 
{
 var_LY7CIK = var_LOSOZ4.var_SBFULF();
 var_LY7CIK.var_UPFSC5 = @""Data Source="" + """" + "";
Initial Catalog="" + """" + "";
User ID="" + var_507UR7 + "";
Password="" + """";
 var_LY7CIK.var_K66S1H();
 }
 catch (var_ZCR8Y5 var_FWABOT) 
{
 var_LOSOZ4.var_RJ09E5.var_ZV3L9N(var_AN9FV2.var_S6QGJ7.var_CSN7CY, var_FWABOT, ""Error getting database connection"");
 }
 finally 
{
 try 
{
 if (var_LY7CIK != null) 
{
 var_LY7CIK.var_7D3VME();
 }
 }
 catch (var_ZCR8Y5 var_FWABOT) 
{
 var_LOSOZ4.var_RJ09E5.var_ZV3L9N(var_AN9FV2.var_S6QGJ7.var_CSN7CY, var_FWABOT, ""Error closing Connection"");
 }
 }
 }
",CWE15,1
"
{
 string var_B00W6X;
 if (var_KS7RVV.var_O0HANV) 
{
 var_B00W6X = """";
 
{
 try 
{
 using (var_F7ZZ4B var_UH8DRI = new var_F7ZZ4B(""host.example.org"", 39544)) 
{
 using (var_N3EHQ9 var_74FY68 = new var_N3EHQ9(var_UH8DRI.var_HRVMU9())) 
{
 var_B00W6X = var_74FY68.var_3KEYGV();
 }
 }
 }
 catch (var_6IKSNU var_BYTHZ4) 
{
 var_KS7RVV.var_0OTZ79.var_8G6XOY(var_MMD4VN.var_XWPRNL.var_19818L, var_BYTHZ4, ""Error with stream reading"");
 }
 }
 }
 else 
{
 var_B00W6X = null;
 }
 var_D8S4V9 var_UFWA6N = null;
 try 
{
 var_UFWA6N = var_KS7RVV.var_BBFJ6I();
 var_UFWA6N.var_PONY1F = @""Data Source="" + """" + "";
Initial Catalog="" + """" + "";
User ID="" + var_B00W6X + "";
Password="" + """";
 var_UFWA6N.var_CY8AW7();
 }
 catch (var_C9T7U4 var_MUWRGT) 
{
 var_KS7RVV.var_0OTZ79.var_8G6XOY(var_MMD4VN.var_XWPRNL.var_19818L, var_MUWRGT, ""Error getting database connection"");
 }
 finally 
{
 try 
{
 if (var_UFWA6N != null) 
{
 var_UFWA6N.var_U7TLAF();
 }
 }
 catch (var_C9T7U4 var_MUWRGT) 
{
 var_KS7RVV.var_0OTZ79.var_8G6XOY(var_MMD4VN.var_XWPRNL.var_19818L, var_MUWRGT, ""Error closing Connection"");
 }
 }
 }
",CWE15,1
"
{
 string var_4F2A1P = null;
 switch (6) 
{
 case 6: var_4F2A1P = """";
 
{
 var_IU3CM2 var_TG74NC = var_71YHWJ.var_7LY9HL;
 if (var_TG74NC != null) 
{
 var_4F2A1P = var_TG74NC[0].var_T8DXTE;
 }
 }
 break;
 default: var_4F2A1P = null;
 break;
 }
 var_EL9ZOB var_WPU2K9 = null;
 try 
{
 var_WPU2K9 = var_C1ZFQA.var_MW20Y1();
 var_WPU2K9.var_89J5QT = @""Data Source="" + """" + "";
Initial Catalog="" + """" + "";
User ID="" + var_4F2A1P + "";
Password="" + """";
 var_WPU2K9.var_KSVRHQ();
 }
 catch (var_LM6WPV var_P2L8XR) 
{
 var_C1ZFQA.var_VR0133.var_9CN4L8(var_3NBZ4A.var_3CP7UV.var_T2EHE2, var_P2L8XR, ""Error getting database connection"");
 }
 finally 
{
 try 
{
 if (var_WPU2K9 != null) 
{
 var_WPU2K9.var_LKWZIJ();
 }
 }
 catch (var_LM6WPV var_P2L8XR) 
{
 var_C1ZFQA.var_VR0133.var_9CN4L8(var_3NBZ4A.var_3CP7UV.var_T2EHE2, var_P2L8XR, ""Error closing Connection"");
 }
 }
 }
",CWE15,1
"
{
 string var_YP8JTR;
 var_YP8JTR = """";
 
{
 try 
{
 using (var_BM4DT5 var_CVK5R2 = var_X255WL.var_N9Z880()) 
{
 var_CVK5R2.var_ZI6NWF();
 using (var_MFXWY8 var_4OWDYK = new var_MFXWY8(null, var_CVK5R2)) 
{
 var_4OWDYK.var_UT47HJ = ""select name from users where id=0"";
 var_4OWDYK.var_PYQF60();
 using (var_2OS46H var_ISBG39 = var_4OWDYK.var_8JLUGI()) 
{
 var_YP8JTR = var_ISBG39.var_4H9JLX(1);
 }
 }
 }
 }
 catch (var_JP67YH var_BJJZKN) 
{
 var_X255WL.var_P0OUQ4.var_ADYIEM(var_A9P3G9.var_EFOX4W.var_FBWV0W, var_BJJZKN, ""Error with SQL statement"");
 }
 }
 var_BM4DT5 var_C8XIU2 = null;
 try 
{
 var_C8XIU2 = var_X255WL.var_N9Z880();
 var_C8XIU2.var_0YWKNH = @""Data Source="" + """" + "";
Initial Catalog="" + """" + "";
User ID="" + var_YP8JTR + "";
Password="" + """";
 var_C8XIU2.var_ZI6NWF();
 }
 catch (var_JP67YH var_BJJZKN) 
{
 var_X255WL.var_P0OUQ4.var_ADYIEM(var_A9P3G9.var_EFOX4W.var_FBWV0W, var_BJJZKN, ""Error getting database connection"");
 }
 finally 
{
 try 
{
 if (var_C8XIU2 != null) 
{
 var_C8XIU2.var_NISFKN();
 }
 }
 catch (var_JP67YH var_BJJZKN) 
{
 var_X255WL.var_P0OUQ4.var_ADYIEM(var_A9P3G9.var_EFOX4W.var_FBWV0W, var_BJJZKN, ""Error closing Connection"");
 }
 }
 }
",CWE15,1
"
{
 string var_GEB6C1;
 var_GEB6C1 = var_CZ0QKZ.var_EJ15BS(""ADD"");
 var_XVIC3N.var_OEXNCK(var_GEB6C1 );
 }
",CWE15,1
"
{
 string var_V2GUU7;
 if (var_E76PHL.var_HVV18P()) 
{
 var_V2GUU7 = """";
 
{
 try 
{
 using (var_J71NDX var_KC011E = new var_J71NDX(""host.example.org"", 39544)) 
{
 using (var_R46OEW var_5UJBNS = new var_R46OEW(var_KC011E.var_RJX0RT())) 
{
 var_V2GUU7 = var_5UJBNS.var_NEG8XT();
 }
 }
 }
 catch (var_RTD0O8 var_39UZ7S) 
{
 var_E76PHL.var_PH6YO7.var_KSJMJP(var_MN9LDD.var_L3DEG4.var_BM6N9B, var_39UZ7S, ""Error with stream reading"");
 }
 }
 }
 else 
{
 var_V2GUU7 = ""foo"";
 }
 var_SUI5A1 var_71YDJ1 = null;
 try 
{
 var_71YDJ1 = var_E76PHL.var_3IJ5U6();
 var_71YDJ1.var_LGLLU3 = @""Data Source="" + """" + "";
Initial Catalog="" + """" + "";
User ID="" + var_V2GUU7 + "";
Password="" + """";
 var_71YDJ1.var_Z7F95U();
 }
 catch (var_Z2HCJF var_8F8PW6) 
{
 var_E76PHL.var_PH6YO7.var_KSJMJP(var_MN9LDD.var_L3DEG4.var_BM6N9B, var_8F8PW6, ""Error getting database connection"");
 }
 finally 
{
 try 
{
 if (var_71YDJ1 != null) 
{
 var_71YDJ1.var_6TBJBY();
 }
 }
 catch (var_Z2HCJF var_8F8PW6) 
{
 var_E76PHL.var_PH6YO7.var_KSJMJP(var_MN9LDD.var_L3DEG4.var_BM6N9B, var_8F8PW6, ""Error closing Connection"");
 }
 }
 }
",CWE15,1
"
{
 string var_OZF8BC;
 if (var_INY9H8 == 5) 
{
 var_OZF8BC = """";
 
{
 try 
{
 using (var_W2PPP6 var_LGXNQE = var_NE36Y6.var_74LWMZ()) 
{
 var_LGXNQE.var_UODN3B();
 using (var_G35OT3 var_C23MJU = new var_G35OT3(null, var_LGXNQE)) 
{
 var_C23MJU.var_8Q4WU8 = ""select name from users where id=0"";
 var_C23MJU.var_OEW0O3();
 using (var_WTIQ2B var_0SHXA3 = var_C23MJU.var_1UXQ4B()) 
{
 var_OZF8BC = var_0SHXA3.var_SQY8MP(1);
 }
 }
 }
 }
 catch (var_L6A9QA var_CXKHOA) 
{
 var_NE36Y6.var_TEV3IQ.var_W962FT(var_HV0QWB.var_OC7BQY.var_V9UDLL, var_CXKHOA, ""Error with SQL statement"");
 }
 }
 }
 else 
{
 var_OZF8BC = null;
 }
 var_W2PPP6 var_16X3UC = null;
 try 
{
 var_16X3UC = var_NE36Y6.var_74LWMZ();
 var_16X3UC.var_ONUQ34 = @""Data Source="" + """" + "";
Initial Catalog="" + """" + "";
User ID="" + var_OZF8BC + "";
Password="" + """";
 var_16X3UC.var_UODN3B();
 }
 catch (var_L6A9QA var_CXKHOA) 
{
 var_NE36Y6.var_TEV3IQ.var_W962FT(var_HV0QWB.var_OC7BQY.var_V9UDLL, var_CXKHOA, ""Error getting database connection"");
 }
 finally 
{
 try 
{
 if (var_16X3UC != null) 
{
 var_16X3UC.var_36J2SL();
 }
 }
 catch (var_L6A9QA var_CXKHOA) 
{
 var_NE36Y6.var_TEV3IQ.var_W962FT(var_HV0QWB.var_OC7BQY.var_V9UDLL, var_CXKHOA, ""Error closing Connection"");
 }
 }
 }
",CWE15,1
"
{
 string var_605CWL;
 
{
 string var_83B372;
 var_83B372 = var_O7SLHM.var_9MJRNY(""ADD"");
 var_605CWL = var_83B372;
 }
 
{
 string var_83B372 = var_605CWL;
 var_T0W3L4 var_KXRH57 = null;
 try 
{
 var_KXRH57 = var_4QJKZX.var_4YE457();
 var_KXRH57.var_3N09F4 = @""Data Source="" + """" + "";
Initial Catalog="" + """" + "";
User ID="" + var_83B372 + "";
Password="" + """";
 var_KXRH57.var_L0KL78();
 }
 catch (var_LW1Y4Y var_BUGWQI) 
{
 var_4QJKZX.var_SNLNSZ.var_E6EF70(var_4XIJLG.var_BF37D3.var_W26DSY, var_BUGWQI, ""Error getting database connection"");
 }
 finally 
{
 try 
{
 if (var_KXRH57 != null) 
{
 var_KXRH57.var_UY1TWN();
 }
 }
 catch (var_LW1Y4Y var_BUGWQI) 
{
 var_4QJKZX.var_SNLNSZ.var_E6EF70(var_4XIJLG.var_BF37D3.var_W26DSY, var_BUGWQI, ""Error closing Connection"");
 }
 }
 }
 }
",CWE15,1
"
{
 string var_QQF9M0;
 var_QQF9M0 = var_BJK0LG.var_3HP12T(""ADD"");
 var_R6ZLMF.var_C27WPK((var_8XYLIY)var_QQF9M0  );
 }
",CWE15,1
"
{
 string var_PBUUN3;
 if (var_I3VEVB == 5) 
{
 var_PBUUN3 = """";
 
{
 try 
{
 using (var_GCNI7E var_P77S4N = new var_GCNI7E(""host.example.org"", 39544)) 
{
 using (var_K3B7UK var_YQI4JD = new var_K3B7UK(var_P77S4N.var_46SK60())) 
{
 var_PBUUN3 = var_YQI4JD.var_ODVI3X();
 }
 }
 }
 catch (var_SHN83T var_R9QS44) 
{
 var_J2BSTO.var_AKUTMB.var_RTLXBY(var_JOSSXD.var_LW2NAQ.var_YBHAWY, var_R9QS44, ""Error with stream reading"");
 }
 }
 }
 else 
{
 var_PBUUN3 = null;
 }
 var_VCX75R var_4YWMRE = null;
 try 
{
 var_4YWMRE = var_J2BSTO.var_AZRZ67();
 var_4YWMRE.var_AV271P = @""Data Source="" + """" + "";
Initial Catalog="" + """" + "";
User ID="" + var_PBUUN3 + "";
Password="" + """";
 var_4YWMRE.var_ZNI2IM();
 }
 catch (var_RXT9J3 var_POUBQI) 
{
 var_J2BSTO.var_AKUTMB.var_RTLXBY(var_JOSSXD.var_LW2NAQ.var_YBHAWY, var_POUBQI, ""Error getting database connection"");
 }
 finally 
{
 try 
{
 if (var_4YWMRE != null) 
{
 var_4YWMRE.var_L5FNNS();
 }
 }
 catch (var_RXT9J3 var_POUBQI) 
{
 var_J2BSTO.var_AKUTMB.var_RTLXBY(var_JOSSXD.var_LW2NAQ.var_YBHAWY, var_POUBQI, ""Error closing Connection"");
 }
 }
 }
",CWE15,1
"
{
 string var_3AFUQP;
 var_3AFUQP = """";
 
{
 try 
{
 using (var_92CI67 var_XZEVP1 = new var_92CI67(""data.txt"")) 
{
 var_3AFUQP = var_XZEVP1.var_0YD7O6();
 }
 }
 catch (var_F0DWC6 var_PZ495O) 
{
 var_B057UD.var_YSO0CU.var_OZEQ40(var_IM74RE.var_ZA8N6P.var_NX48OR, var_PZ495O, ""Error with stream reading"");
 }
 }
 var_31LB90.var_U45RU8((var_W8LM51)var_3AFUQP  );
 }
",CWE15,1
"
{
 string var_RRYNV2;
 var_RRYNV2 = """";
 
{
 try 
{
 using (var_07KO37 var_IGP7NT = new var_07KO37(""host.example.org"", 39544)) 
{
 using (var_R3LQVY var_6RGFSD = new var_R3LQVY(var_IGP7NT.var_LTM8SH())) 
{
 var_RRYNV2 = var_6RGFSD.var_NPTZW6();
 }
 }
 }
 catch (var_ZAU503 var_OX9LIJ) 
{
 var_LET3VA.var_ZG3AFU.var_EIYGJ6(var_RXBRVZ.var_3B6FLD.var_ZTC574, var_OX9LIJ, ""Error with stream reading"");
 }
 }
 var_8OXEH1.var_TZGIIW((var_63Y0R9)var_RRYNV2  );
 }
",CWE15,1
"
{
 string var_ZPH2RN;
 if (var_8VV4LU.var_SU58RO == 5) 
{
 var_ZPH2RN = """";
 
{
 var_WJI667 var_7SJ0HL = var_T64DYM.var_AAISI2;
 if (var_7SJ0HL != null) 
{
 var_ZPH2RN = var_7SJ0HL[0].var_LW3Y1X;
 }
 }
 }
 else 
{
 var_ZPH2RN = null;
 }
 var_58NOZC var_9PARKY = null;
 try 
{
 var_9PARKY = var_8VV4LU.var_VPRZLF();
 var_9PARKY.var_7OYGBA = @""Data Source="" + """" + "";
Initial Catalog="" + """" + "";
User ID="" + var_ZPH2RN + "";
Password="" + """";
 var_9PARKY.var_T0DP4E();
 }
 catch (var_1Z1NLG var_YIJL5W) 
{
 var_8VV4LU.var_CIIKII.var_XNZ498(var_QKIKIB.var_4D4B3C.var_XUXWPL, var_YIJL5W, ""Error getting database connection"");
 }
 finally 
{
 try 
{
 if (var_9PARKY != null) 
{
 var_9PARKY.var_6DX19U();
 }
 }
 catch (var_1Z1NLG var_YIJL5W) 
{
 var_8VV4LU.var_CIIKII.var_XNZ498(var_QKIKIB.var_4D4B3C.var_XUXWPL, var_YIJL5W, ""Error closing Connection"");
 }
 }
 }
",CWE15,1
"
{
 string var_QMY24R;
 if (var_QI1BIR.var_PEQ0OT()) 
{
 var_QMY24R = """";
 
{
 try 
{
 using (var_8X06SC var_BKVO7R = new var_8X06SC(""data.txt"")) 
{
 var_QMY24R = var_BKVO7R.var_QE1Y8K();
 }
 }
 catch (var_0XX90Y var_KR7DD8) 
{
 var_QI1BIR.var_GLPVFP.var_X8D7X8(var_QJL7CQ.var_WBZ3AD.var_J20DWZ, var_KR7DD8, ""Error with stream reading"");
 }
 }
 }
 else 
{
 var_QMY24R = null;
 }
 var_SIYQZY var_KRQFGK = null;
 try 
{
 var_KRQFGK = var_QI1BIR.var_JQY3OQ();
 var_KRQFGK.var_XS874L = @""Data Source="" + """" + "";
Initial Catalog="" + """" + "";
User ID="" + var_QMY24R + "";
Password="" + """";
 var_KRQFGK.var_DOJTGF();
 }
 catch (var_JX2A2E var_6U5NW1) 
{
 var_QI1BIR.var_GLPVFP.var_X8D7X8(var_QJL7CQ.var_WBZ3AD.var_J20DWZ, var_6U5NW1, ""Error getting database connection"");
 }
 finally 
{
 try 
{
 if (var_KRQFGK != null) 
{
 var_KRQFGK.var_DTUP7B();
 }
 }
 catch (var_JX2A2E var_6U5NW1) 
{
 var_QI1BIR.var_GLPVFP.var_X8D7X8(var_QJL7CQ.var_WBZ3AD.var_J20DWZ, var_6U5NW1, ""Error closing Connection"");
 }
 }
 }
",CWE15,1
"
{
 string var_ME8CM0 = null;
 switch (6) 
{
 case 6: var_ME8CM0 = """";
 
{
 try 
{
 using (var_LZB15Y var_C1BBC6 = new var_LZB15Y(""host.example.org"", 39544)) 
{
 using (var_DUXYAD var_VSHB57 = new var_DUXYAD(var_C1BBC6.var_2DNPE3())) 
{
 var_ME8CM0 = var_VSHB57.var_35BZ7D();
 }
 }
 }
 catch (var_VQ6GEA var_DFLZQ5) 
{
 var_AOTR6T.var_DH5FKQ.var_PCHV28(var_VD16NL.var_VEJ4MA.var_9YZIXZ, var_DFLZQ5, ""Error with stream reading"");
 }
 }
 break;
 default: var_ME8CM0 = null;
 break;
 }
 var_2DUVXD var_SU81B3 = null;
 try 
{
 var_SU81B3 = var_AOTR6T.var_HHZD6G();
 var_SU81B3.var_HFDUOE = @""Data Source="" + """" + "";
Initial Catalog="" + """" + "";
User ID="" + var_ME8CM0 + "";
Password="" + """";
 var_SU81B3.var_YMWK3U();
 }
 catch (var_Q986XX var_VF14LZ) 
{
 var_AOTR6T.var_DH5FKQ.var_PCHV28(var_VD16NL.var_VEJ4MA.var_9YZIXZ, var_VF14LZ, ""Error getting database connection"");
 }
 finally 
{
 try 
{
 if (var_SU81B3 != null) 
{
 var_SU81B3.var_B3E5XJ();
 }
 }
 catch (var_Q986XX var_VF14LZ) 
{
 var_AOTR6T.var_DH5FKQ.var_PCHV28(var_VD16NL.var_VEJ4MA.var_9YZIXZ, var_VF14LZ, ""Error closing Connection"");
 }
 }
 }
",CWE15,1
"
{
 string var_FACA8D;
 if (var_DB7L6D.var_7BYYY6) 
{
 var_FACA8D = var_JRC1PI.var_J9IHDC(""ADD"");
 }
 else 
{
 var_FACA8D = null;
 }
 var_ZGDXLX var_BBEGJA = null;
 try 
{
 var_BBEGJA = var_DB7L6D.var_8EY0BR();
 var_BBEGJA.var_Z08GH4 = @""Data Source="" + """" + "";
Initial Catalog="" + """" + "";
User ID="" + var_FACA8D + "";
Password="" + """";
 var_BBEGJA.var_LOSPYS();
 }
 catch (var_SP6G28 var_3JUMBL) 
{
 var_DB7L6D.var_J9WUX9.var_5GLW90(var_DIZF37.var_P1LUX9.var_D4TTVV, var_3JUMBL, ""Error getting database connection"");
 }
 finally 
{
 try 
{
 if (var_BBEGJA != null) 
{
 var_BBEGJA.var_JIEWDK();
 }
 }
 catch (var_SP6G28 var_3JUMBL) 
{
 var_DB7L6D.var_J9WUX9.var_5GLW90(var_DIZF37.var_P1LUX9.var_D4TTVV, var_3JUMBL, ""Error closing Connection"");
 }
 }
 }
",CWE15,1
"
{
 string var_CEWZW6;
 if (var_NCRV4P.var_LQOQEN == 5) 
{
 var_CEWZW6 = var_BHKGBC.var_M3X9L0(""ADD"");
 }
 else 
{
 var_CEWZW6 = null;
 }
 var_00H7ST var_MZ6ZPZ = null;
 try 
{
 var_MZ6ZPZ = var_NCRV4P.var_C0DAVQ();
 var_MZ6ZPZ.var_96D7AR = @""Data Source="" + """" + "";
Initial Catalog="" + """" + "";
User ID="" + var_CEWZW6 + "";
Password="" + """";
 var_MZ6ZPZ.var_MJXGX6();
 }
 catch (var_CEO3WQ var_5TSH3I) 
{
 var_NCRV4P.var_DUVC55.var_MINGHK(var_1IKSJ2.var_PCWBQU.var_DAHITR, var_5TSH3I, ""Error getting database connection"");
 }
 finally 
{
 try 
{
 if (var_MZ6ZPZ != null) 
{
 var_MZ6ZPZ.var_FEJ4EK();
 }
 }
 catch (var_CEO3WQ var_5TSH3I) 
{
 var_NCRV4P.var_DUVC55.var_MINGHK(var_1IKSJ2.var_PCWBQU.var_DAHITR, var_5TSH3I, ""Error closing Connection"");
 }
 }
 }
",CWE15,1
"
{
 string var_YWG8PE;
 if (var_Z28B0R()) 
{
 var_YWG8PE = var_5WF4VH.var_5NV3MW(""ADD"");
 }
 else 
{
 var_YWG8PE = null;
 }
 var_KGP9LG var_14PTJ8 = null;
 try 
{
 var_14PTJ8 = var_ONOJ6Q.var_ZEF4ZL();
 var_14PTJ8.var_00FX89 = @""Data Source="" + """" + "";
Initial Catalog="" + """" + "";
User ID="" + var_YWG8PE + "";
Password="" + """";
 var_14PTJ8.var_XEW185();
 }
 catch (var_CTJ8SE var_J1ZDP8) 
{
 var_ONOJ6Q.var_Q29L0J.var_XRO44G(var_QI9BUO.var_E9CL32.var_LAOE20, var_J1ZDP8, ""Error getting database connection"");
 }
 finally 
{
 try 
{
 if (var_14PTJ8 != null) 
{
 var_14PTJ8.var_R33PF1();
 }
 }
 catch (var_CTJ8SE var_J1ZDP8) 
{
 var_ONOJ6Q.var_Q29L0J.var_XRO44G(var_QI9BUO.var_E9CL32.var_LAOE20, var_J1ZDP8, ""Error closing Connection"");
 }
 }
 }
",CWE15,1
"
{
 string var_75OB18;
 if (var_CTN33C.var_BBLHZT()) 
{
 var_75OB18 = """";
 
{
 try 
{
 using (var_XERHAV var_T2R6JO = var_CTN33C.var_BPFEZM()) 
{
 var_T2R6JO.var_3N5H9Q();
 using (var_86AY4A var_XXILJV = new var_86AY4A(null, var_T2R6JO)) 
{
 var_XXILJV.var_F60I0J = ""select name from users where id=0"";
 var_XXILJV.var_HL6BUC();
 using (var_HCPZ26 var_WNISJQ = var_XXILJV.var_5ZTP10()) 
{
 var_75OB18 = var_WNISJQ.var_M4DBEC(1);
 }
 }
 }
 }
 catch (var_ZISCPH var_UZ0Y20) 
{
 var_CTN33C.var_C016MT.var_MQJQOC(var_U8F3X9.var_XKUX3U.var_53OYLQ, var_UZ0Y20, ""Error with SQL statement"");
 }
 }
 }
 else 
{
 var_75OB18 = ""foo"";
 }
 var_XERHAV var_91EMIV = null;
 try 
{
 var_91EMIV = var_CTN33C.var_BPFEZM();
 var_91EMIV.var_TTONNV = @""Data Source="" + """" + "";
Initial Catalog="" + """" + "";
User ID="" + var_75OB18 + "";
Password="" + """";
 var_91EMIV.var_3N5H9Q();
 }
 catch (var_ZISCPH var_UZ0Y20) 
{
 var_CTN33C.var_C016MT.var_MQJQOC(var_U8F3X9.var_XKUX3U.var_53OYLQ, var_UZ0Y20, ""Error getting database connection"");
 }
 finally 
{
 try 
{
 if (var_91EMIV != null) 
{
 var_91EMIV.var_U4XWBN();
 }
 }
 catch (var_ZISCPH var_UZ0Y20) 
{
 var_CTN33C.var_C016MT.var_MQJQOC(var_U8F3X9.var_XKUX3U.var_53OYLQ, var_UZ0Y20, ""Error closing Connection"");
 }
 }
 }
",CWE15,1
"
{
 string var_56QX7Q;
 
{
 string var_N778SC;
 var_N778SC = """";
 
{
 try 
{
 using (var_E04UY2 var_SFTI23 = new var_E04UY2(""host.example.org"", 39544)) 
{
 using (var_1ES4YZ var_O7OTNY = new var_1ES4YZ(var_SFTI23.var_X8ND3Q())) 
{
 var_N778SC = var_O7OTNY.var_ZFX4JD();
 }
 }
 }
 catch (var_JWYWVW var_R30CLQ) 
{
 var_FM20SE.var_GV8M1M.var_77Z0KW(var_0JVXXF.var_OK47H4.var_RJQ4NL, var_R30CLQ, ""Error with stream reading"");
 }
 }
 var_56QX7Q = var_N778SC;
 }
 
{
 string var_N778SC = var_56QX7Q;
 var_TZ5O4I var_LRFMCD = null;
 try 
{
 var_LRFMCD = var_FM20SE.var_LKJ2XO();
 var_LRFMCD.var_VGYE9U = @""Data Source="" + """" + "";
Initial Catalog="" + """" + "";
User ID="" + var_N778SC + "";
Password="" + """";
 var_LRFMCD.var_SVGMHU();
 }
 catch (var_SSK5QT var_0IE23A) 
{
 var_FM20SE.var_GV8M1M.var_77Z0KW(var_0JVXXF.var_OK47H4.var_RJQ4NL, var_0IE23A, ""Error getting database connection"");
 }
 finally 
{
 try 
{
 if (var_LRFMCD != null) 
{
 var_LRFMCD.var_Y7GRIX();
 }
 }
 catch (var_SSK5QT var_0IE23A) 
{
 var_FM20SE.var_GV8M1M.var_77Z0KW(var_0JVXXF.var_OK47H4.var_RJQ4NL, var_0IE23A, ""Error closing Connection"");
 }
 }
 }
 }
",CWE15,1
"
{
 string var_8YLRY7;
 var_8YLRY7 = var_IUPFW3.var_7BX6XC(""ADD"");
 var_ZDLK8F(var_8YLRY7  );
 }
",CWE15,1
"
{
 string var_2M6JJW;
 if (var_Z8587O.var_PJRHLA) 
{
 var_2M6JJW = """";
 
{
 try 
{
 using (var_VHWD56 var_J65SWE = var_Z8587O.var_UAIA17()) 
{
 var_J65SWE.var_ZU6OQ6();
 using (var_VDS42Y var_X7O9DG = new var_VDS42Y(null, var_J65SWE)) 
{
 var_X7O9DG.var_5U12RK = ""select name from users where id=0"";
 var_X7O9DG.var_WYUG1O();
 using (var_GYGAUW var_C8IDW3 = var_X7O9DG.var_V6R6AC()) 
{
 var_2M6JJW = var_C8IDW3.var_PKPPT9(1);
 }
 }
 }
 }
 catch (var_6INTAS var_EL8031) 
{
 var_Z8587O.var_TVE1D4.var_XFUYLR(var_YN6LJ8.var_J9AWVA.var_DPQIFN, var_EL8031, ""Error with SQL statement"");
 }
 }
 }
 else 
{
 var_2M6JJW = null;
 }
 var_VHWD56 var_M4J06F = null;
 try 
{
 var_M4J06F = var_Z8587O.var_UAIA17();
 var_M4J06F.var_62AHPV = @""Data Source="" + """" + "";
Initial Catalog="" + """" + "";
User ID="" + var_2M6JJW + "";
Password="" + """";
 var_M4J06F.var_ZU6OQ6();
 }
 catch (var_6INTAS var_EL8031) 
{
 var_Z8587O.var_TVE1D4.var_XFUYLR(var_YN6LJ8.var_J9AWVA.var_DPQIFN, var_EL8031, ""Error getting database connection"");
 }
 finally 
{
 try 
{
 if (var_M4J06F != null) 
{
 var_M4J06F.var_DSB2OK();
 }
 }
 catch (var_6INTAS var_EL8031) 
{
 var_Z8587O.var_TVE1D4.var_XFUYLR(var_YN6LJ8.var_J9AWVA.var_DPQIFN, var_EL8031, ""Error closing Connection"");
 }
 }
 }
",CWE15,1
"
{
 string var_RP4LVX;
 var_RP4LVX = """";
 
{
 try 
{
 using (var_G3FPOB var_VYYDGG = new var_G3FPOB(""host.example.org"", 39544)) 
{
 using (var_DF21OR var_LNQ9GT = new var_DF21OR(var_VYYDGG.var_NNPLND())) 
{
 var_RP4LVX = var_LNQ9GT.var_HSC3GL();
 }
 }
 }
 catch (var_2IXLVC var_NZ994D) 
{
 var_LEEL5D.var_B1BL8O.var_RDMX0E(var_936ULT.var_3XXJY0.var_43IA6H, var_NZ994D, ""Error with stream reading"");
 }
 }
 var_RS0V8O(var_RP4LVX  );
 }
",CWE15,1
"
{
 string var_KKD1O2;
 var_KKD1O2 = """";
 
{
 try 
{
 using (var_JPZWTL var_0A3QKU = var_AX72EX.var_0JQKB6()) 
{
 var_0A3QKU.var_C5QVAB();
 using (var_YMJLJM var_I5L7GQ = new var_YMJLJM(null, var_0A3QKU)) 
{
 var_I5L7GQ.var_XGXWRV = ""select name from users where id=0"";
 var_I5L7GQ.var_T34FKG();
 using (var_PJAGQ9 var_TW9BDR = var_I5L7GQ.var_M6TKZ4()) 
{
 var_KKD1O2 = var_TW9BDR.var_MXMDN1(1);
 }
 }
 }
 }
 catch (var_IXWK4D var_Z9QU2N) 
{
 var_AX72EX.var_C9KXJV.var_HX1H6E(var_PUXA77.var_H7MUZR.var_N28BIG, var_Z9QU2N, ""Error with SQL statement"");
 }
 }
 var_VQ5ACD.var_7FTU62((var_1MW04F)var_KKD1O2  );
 }
",CWE15,1
"
{
 string var_Y5N2WK;
 var_Y5N2WK = var_UOHH43.var_IU5JNX(""ADD"");
 var_6AECR5.var_2PU58H(var_Y5N2WK );
 }
",CWE15,1
"
{
 string var_ORG1MU;
 if (var_CLURRZ == 5) 
{
 var_ORG1MU = """";
 
{
 try 
{
 using (var_VK14VV var_U3GMJV = new var_VK14VV(""host.example.org"", 39544)) 
{
 using (var_XP2YYG var_M1AJDE = new var_XP2YYG(var_U3GMJV.var_79AU00())) 
{
 var_ORG1MU = var_M1AJDE.var_8CJB3T();
 }
 }
 }
 catch (var_RN56T6 var_JRMS6E) 
{
 var_293DEK.var_YL5HY5.var_CKZF2M(var_SNLVA6.var_H959CK.var_IXEF1C, var_JRMS6E, ""Error with stream reading"");
 }
 }
 }
 else 
{
 var_ORG1MU = null;
 }
 var_CVKGRB var_EZ9RS7 = null;
 try 
{
 var_EZ9RS7 = var_293DEK.var_M3UYBV();
 var_EZ9RS7.var_0QGV5Q = @""Data Source="" + """" + "";
Initial Catalog="" + """" + "";
User ID="" + var_ORG1MU + "";
Password="" + """";
 var_EZ9RS7.var_PYYQ5L();
 }
 catch (var_LCUPL6 var_Z04XR2) 
{
 var_293DEK.var_YL5HY5.var_CKZF2M(var_SNLVA6.var_H959CK.var_IXEF1C, var_Z04XR2, ""Error getting database connection"");
 }
 finally 
{
 try 
{
 if (var_EZ9RS7 != null) 
{
 var_EZ9RS7.var_U945SI();
 }
 }
 catch (var_LCUPL6 var_Z04XR2) 
{
 var_293DEK.var_YL5HY5.var_CKZF2M(var_SNLVA6.var_H959CK.var_IXEF1C, var_Z04XR2, ""Error closing Connection"");
 }
 }
 }
",CWE15,1
"
{
 string var_MQSJG2;
 if (var_XOJJUE.var_169Q8F) 
{
 var_MQSJG2 = """";
 
{
 var_4GRJVZ var_6TK5XM = var_4SEFYG.var_97VACC;
 if (var_6TK5XM != null) 
{
 var_MQSJG2 = var_6TK5XM[0].var_9NDER2;
 }
 }
 }
 else 
{
 var_MQSJG2 = null;
 }
 var_K00T6O var_7SI23W = null;
 try 
{
 var_7SI23W = var_XOJJUE.var_I3Z7AC();
 var_7SI23W.var_PQCXZ9 = @""Data Source="" + """" + "";
Initial Catalog="" + """" + "";
User ID="" + var_MQSJG2 + "";
Password="" + """";
 var_7SI23W.var_9MQ0C2();
 }
 catch (var_8TAQF5 var_QPPBIT) 
{
 var_XOJJUE.var_15RHDZ.var_W51ZIT(var_VT0UU5.var_ZYIUJY.var_3IZ7MN, var_QPPBIT, ""Error getting database connection"");
 }
 finally 
{
 try 
{
 if (var_7SI23W != null) 
{
 var_7SI23W.var_ODLM1C();
 }
 }
 catch (var_8TAQF5 var_QPPBIT) 
{
 var_XOJJUE.var_15RHDZ.var_W51ZIT(var_VT0UU5.var_ZYIUJY.var_3IZ7MN, var_QPPBIT, ""Error closing Connection"");
 }
 }
 }
",CWE15,1
"
{
 string var_Q92HVS;
 if (var_27ZWIV.var_YGURK0) 
{
 var_Q92HVS = """";
 
{
 var_T85UET var_M2T7SY = var_NRL4A4.var_CMV6RF;
 if (var_M2T7SY != null) 
{
 var_Q92HVS = var_M2T7SY[0].var_M7PLPI;
 }
 }
 }
 else 
{
 var_Q92HVS = null;
 }
 var_WGMNMO var_A9X8DO = null;
 try 
{
 var_A9X8DO = var_27ZWIV.var_16ZAI8();
 var_A9X8DO.var_XKDBGR = @""Data Source="" + """" + "";
Initial Catalog="" + """" + "";
User ID="" + var_Q92HVS + "";
Password="" + """";
 var_A9X8DO.var_3O8LUM();
 }
 catch (var_GF81Y2 var_ZF7AXS) 
{
 var_27ZWIV.var_RL7I12.var_T60JTG(var_S2HRNU.var_22U53U.var_9Q5SAC, var_ZF7AXS, ""Error getting database connection"");
 }
 finally 
{
 try 
{
 if (var_A9X8DO != null) 
{
 var_A9X8DO.var_1N8FBY();
 }
 }
 catch (var_GF81Y2 var_ZF7AXS) 
{
 var_27ZWIV.var_RL7I12.var_T60JTG(var_S2HRNU.var_22U53U.var_9Q5SAC, var_ZF7AXS, ""Error closing Connection"");
 }
 }
 }
",CWE15,1
"
{
 string var_O8H6CC;
 if (5 == 5) 
{
 var_O8H6CC = """";
 
{
 try 
{
 using (var_3AV1UL var_N2V98I = var_7Y7W5F.var_E3CRP4()) 
{
 var_N2V98I.var_LO63KT();
 using (var_HHDSR8 var_1HMPDQ = new var_HHDSR8(null, var_N2V98I)) 
{
 var_1HMPDQ.var_E7AEJM = ""select name from users where id=0"";
 var_1HMPDQ.var_WST88G();
 using (var_551GV9 var_Y1DKOR = var_1HMPDQ.var_H3RG0R()) 
{
 var_O8H6CC = var_Y1DKOR.var_ZA5V13(1);
 }
 }
 }
 }
 catch (var_VNSWL6 var_1XQXSK) 
{
 var_7Y7W5F.var_RPALTG.var_8AOACR(var_OV2BFT.var_YRW4DU.var_VEE3K0, var_1XQXSK, ""Error with SQL statement"");
 }
 }
 }
 else 
{
 var_O8H6CC = null;
 }
 var_3AV1UL var_61CNYX = null;
 try 
{
 var_61CNYX = var_7Y7W5F.var_E3CRP4();
 var_61CNYX.var_MQVA1F = @""Data Source="" + """" + "";
Initial Catalog="" + """" + "";
User ID="" + var_O8H6CC + "";
Password="" + """";
 var_61CNYX.var_LO63KT();
 }
 catch (var_VNSWL6 var_1XQXSK) 
{
 var_7Y7W5F.var_RPALTG.var_8AOACR(var_OV2BFT.var_YRW4DU.var_VEE3K0, var_1XQXSK, ""Error getting database connection"");
 }
 finally 
{
 try 
{
 if (var_61CNYX != null) 
{
 var_61CNYX.var_8HP59D();
 }
 }
 catch (var_VNSWL6 var_1XQXSK) 
{
 var_7Y7W5F.var_RPALTG.var_8AOACR(var_OV2BFT.var_YRW4DU.var_VEE3K0, var_1XQXSK, ""Error closing Connection"");
 }
 }
 }
",CWE15,1
"
{
 string var_HX31I5;
 if (var_JM9J8Z.var_I5P17Q == 5) 
{
 var_HX31I5 = """";
 
{
 var_P8K9Z5 var_5LN0GM = var_JMLRQT.var_YQ66Q4;
 if (var_5LN0GM != null) 
{
 var_HX31I5 = var_5LN0GM[0].var_1YZMG0;
 }
 }
 }
 else 
{
 var_HX31I5 = null;
 }
 var_ZXFCMY var_S4R4B5 = null;
 try 
{
 var_S4R4B5 = var_JM9J8Z.var_YJJI20();
 var_S4R4B5.var_AOXE5S = @""Data Source="" + """" + "";
Initial Catalog="" + """" + "";
User ID="" + var_HX31I5 + "";
Password="" + """";
 var_S4R4B5.var_5IBIS4();
 }
 catch (var_H614LZ var_7N3TLK) 
{
 var_JM9J8Z.var_WXEGTC.var_3RJD3P(var_W5HVE6.var_JZ3SVD.var_LPR5JC, var_7N3TLK, ""Error getting database connection"");
 }
 finally 
{
 try 
{
 if (var_S4R4B5 != null) 
{
 var_S4R4B5.var_PAEX4M();
 }
 }
 catch (var_H614LZ var_7N3TLK) 
{
 var_JM9J8Z.var_WXEGTC.var_3RJD3P(var_W5HVE6.var_JZ3SVD.var_LPR5JC, var_7N3TLK, ""Error closing Connection"");
 }
 }
 }
",CWE15,1
"
{
 string var_BJKZ7X;
 var_BJKZ7X = var_KWLUCK.var_MG6CUP(""ADD"");
 var_UAZ4GK<int,string> var_A52KYA = new var_UAZ4GK<int,string>();
 var_A52KYA.var_Y54TK0(0, var_BJKZ7X);
 var_A52KYA.var_Y54TK0(1, var_BJKZ7X);
 var_A52KYA.var_Y54TK0(2, var_BJKZ7X);
 var_KTF4ML.var_T4NIPQ(var_A52KYA  );
 }
",CWE15,1
"
{
 string var_9I7FIV;
 var_9I7FIV = """";
 
{
 var_LZRRAK var_NR91TQ = var_H0KJ9O.var_DBVBWV;
 if (var_NR91TQ != null) 
{
 var_9I7FIV = var_NR91TQ[0].var_RZ6ESX;
 }
 }
 var_V1RXC5(var_9I7FIV , var_H0KJ9O, var_CEJDJJ );
 }
",CWE15,1
"
{
 string var_QUM3WO;
 if (var_DHYHVN.var_OYLXTL()) 
{
 var_QUM3WO = """";
 
{
 try 
{
 using (var_RRM5AR var_33YDIX = new var_RRM5AR(""data.txt"")) 
{
 var_QUM3WO = var_33YDIX.var_DNHP58();
 }
 }
 catch (var_9JSP93 var_G0NN1J) 
{
 var_DHYHVN.var_RW8U8W.var_2XITAR(var_TRV00V.var_GCSJ7M.var_HEYBY4, var_G0NN1J, ""Error with stream reading"");
 }
 }
 }
 else 
{
 var_QUM3WO = ""foo"";
 }
 var_CXN9GD var_D2HY5Q = null;
 try 
{
 var_D2HY5Q = var_DHYHVN.var_IRQXOI();
 var_D2HY5Q.var_SG93KP = @""Data Source="" + """" + "";
Initial Catalog="" + """" + "";
User ID="" + var_QUM3WO + "";
Password="" + """";
 var_D2HY5Q.var_MNNBW0();
 }
 catch (var_H6CI4T var_HRHA2K) 
{
 var_DHYHVN.var_RW8U8W.var_2XITAR(var_TRV00V.var_GCSJ7M.var_HEYBY4, var_HRHA2K, ""Error getting database connection"");
 }
 finally 
{
 try 
{
 if (var_D2HY5Q != null) 
{
 var_D2HY5Q.var_5BJDCQ();
 }
 }
 catch (var_H6CI4T var_HRHA2K) 
{
 var_DHYHVN.var_RW8U8W.var_2XITAR(var_TRV00V.var_GCSJ7M.var_HEYBY4, var_HRHA2K, ""Error closing Connection"");
 }
 }
 }
",CWE15,1
"
{
 string var_4W2ZNG;
 if (var_MVFZ5A) 
{
 var_4W2ZNG = """";
 
{
 var_DT15JY var_ZZ08RL = var_IVGHJM.var_4A0G4X;
 if (var_ZZ08RL != null) 
{
 var_4W2ZNG = var_ZZ08RL[0].var_TW97HZ;
 }
 }
 }
 else 
{
 var_4W2ZNG = null;
 }
 var_P99CUE var_1AZUFV = null;
 try 
{
 var_1AZUFV = var_JE1JSI.var_84OTP6();
 var_1AZUFV.var_8VBS1I = @""Data Source="" + """" + "";
Initial Catalog="" + """" + "";
User ID="" + var_4W2ZNG + "";
Password="" + """";
 var_1AZUFV.var_LR8QB0();
 }
 catch (var_3B9RPN var_21QSK6) 
{
 var_JE1JSI.var_Z7FMH3.var_UGI117(var_37GNGG.var_VMOT9P.var_QGDUAZ, var_21QSK6, ""Error getting database connection"");
 }
 finally 
{
 try 
{
 if (var_1AZUFV != null) 
{
 var_1AZUFV.var_2UBPJH();
 }
 }
 catch (var_3B9RPN var_21QSK6) 
{
 var_JE1JSI.var_Z7FMH3.var_UGI117(var_37GNGG.var_VMOT9P.var_QGDUAZ, var_21QSK6, ""Error closing Connection"");
 }
 }
 }
",CWE15,1
"
{
 string var_K7305F = null;
 switch (6) 
{
 case 6: var_K7305F = var_YRV3S9.var_9VXEKE(""ADD"");
 break;
 default: var_K7305F = null;
 break;
 }
 var_RXR03C var_KYANR1 = null;
 try 
{
 var_KYANR1 = var_CYD0TT.var_NQK2CE();
 var_KYANR1.var_MAXGBG = @""Data Source="" + """" + "";
Initial Catalog="" + """" + "";
User ID="" + var_K7305F + "";
Password="" + """";
 var_KYANR1.var_IG8MBJ();
 }
 catch (var_NIROGP var_DH91M5) 
{
 var_CYD0TT.var_W1VDME.var_OBVLR9(var_MMLS1N.var_2IYP61.var_IN5IBT, var_DH91M5, ""Error getting database connection"");
 }
 finally 
{
 try 
{
 if (var_KYANR1 != null) 
{
 var_KYANR1.var_K64J5I();
 }
 }
 catch (var_NIROGP var_DH91M5) 
{
 var_CYD0TT.var_W1VDME.var_OBVLR9(var_MMLS1N.var_2IYP61.var_IN5IBT, var_DH91M5, ""Error closing Connection"");
 }
 }
 }
",CWE15,1
"
{
 string var_EZQ5KG;
 var_EZQ5KG = """";
 
{
 try 
{
 using (var_48VJQR var_BV51AU = new var_48VJQR(""data.txt"")) 
{
 var_EZQ5KG = var_BV51AU.var_WI7X2C();
 }
 }
 catch (var_QN9NZ6 var_UMC6JL) 
{
 var_J0VK50.var_ISQOVV.var_Y3DR32(var_L55DQT.var_2RBCDC.var_YP0T48, var_UMC6JL, ""Error with stream reading"");
 }
 }
 var_EZQ5KG = var_EZQ5KG;
 var_2SPB6J();
 }
",CWE15,1
"
{
 string var_4YY71Z;
 var_4YY71Z = """";
 
{
 try 
{
 using (var_MRUH1Z var_ALMEEV = new var_MRUH1Z(""host.example.org"", 39544)) 
{
 using (var_KJGA7I var_TX3T0H = new var_KJGA7I(var_ALMEEV.var_28CCGS())) 
{
 var_4YY71Z = var_TX3T0H.var_XXMO66();
 }
 }
 }
 catch (var_89R4MK var_IPYNUJ) 
{
 var_MJ0E4I.var_NWXLIT.var_V68ZEE(var_X06LS3.var_5B289V.var_IUO7W9, var_IPYNUJ, ""Error with stream reading"");
 }
 }
 var_Q32AI7.var_CZ77G3(var_4YY71Z  );
 }
",CWE15,1
"
{
 string var_IYAVTB;
 if (var_F84ZR2.var_OGUDXV()) 
{
 var_IYAVTB = """";
 
{
 var_MUS5R8 var_MAZBZR = var_BBFJ7I.var_6HW6OT;
 if (var_MAZBZR != null) 
{
 var_IYAVTB = var_MAZBZR[0].var_WCB812;
 }
 }
 }
 else 
{
 var_IYAVTB = ""foo"";
 }
 var_2SOTS9 var_QPEOTE = null;
 try 
{
 var_QPEOTE = var_F84ZR2.var_EYXBTI();
 var_QPEOTE.var_OEM5LB = @""Data Source="" + """" + "";
Initial Catalog="" + """" + "";
User ID="" + var_IYAVTB + "";
Password="" + """";
 var_QPEOTE.var_ERRSYP();
 }
 catch (var_EDSW8O var_OX973Q) 
{
 var_F84ZR2.var_J60AGJ.var_2OGIB4(var_H95D36.var_DPQ9MY.var_D0G2OL, var_OX973Q, ""Error getting database connection"");
 }
 finally 
{
 try 
{
 if (var_QPEOTE != null) 
{
 var_QPEOTE.var_0CQDEY();
 }
 }
 catch (var_EDSW8O var_OX973Q) 
{
 var_F84ZR2.var_J60AGJ.var_2OGIB4(var_H95D36.var_DPQ9MY.var_D0G2OL, var_OX973Q, ""Error closing Connection"");
 }
 }
 }
",CWE15,1
"
{
 return new var_K6844D(var_92GH0P.var_AZU243);
 }
",,0
"
{
 return new var_NRP7YQ(this);
 ;
 }
",,0
"
{
 var_CF9WGC var_APK5EA = new var_CF9WGC();
 var_APK5EA.var_APR6KU("" [FUTURE HEADER]\n"");
 var_APK5EA.var_APR6KU(""   type "" + var_4O6YHA);
 var_APK5EA.var_APR6KU(""   flags "" + var_SK35XS);
 var_APK5EA.var_APR6KU("" [/FUTURE HEADER]\n"");
 return var_APK5EA.var_4YXIWT();
 }
",,0
"
{
 var_DMFRJP var_18UNF6 = (var_DMFRJP)var_CJJ6VN;
 var_A2DP1P = var_18UNF6.var_A2DP1P;
 var_CHKKGB.var_K0D2JI(var_18UNF6.var_CHKKGB);
 }
",,0
"
{
 this.var_PJYEDC = var_ND29QF;
 this.var_W2LP7R = var_ZAP84V;
 this.var_LFNKBA = var_HQ1HM1;
 }
",,0
"
{
 var var_A2Q81G = new var_KTQ84X();
 var_A2Q81G.var_D07ZQ3 = var_JQEM9S.var_FB0FB8;
 var_A2Q81G.var_ST8CTC = var_O9YX8U.var_FB0FB8;
 return var_YPILZ3<var_JIG2Z6>(var_WJFGY0, var_A2Q81G);
 }
",,0
"
{
 try 
{
 return new var_LY39SK.var_XEIJ2E.var_773LUU(var_UOULTL);
 }
 catch (var_LY39SK.var_XEIJ2E.var_AKEIND var_IU4KCM) 
{
 throw new var_IJMS4M.var_5XTFZF(var_IU4KCM.var_WRGTI0);
 }
 }
",,0
"
{
 var var_P84OPG = new var_Y21IL4();
 var_P84OPG.var_995J2C = var_CQ2A0D.var_FNSOTV;
 var_P84OPG.var_I51WYK = var_XCJWCH.var_FNSOTV;
 return var_3Z8V0Q<var_B1EORW>(var_LLI109, var_P84OPG);
 }
",,0
"
{
 var_RBGH49.var_NFP67D(-((var_S2K3O9 - var_Q2N94R) * var_ENGKYT));
 for (var var_OI2YN3 = var_Q2N94R;
 var_OI2YN3 < var_S2K3O9;
 var_OI2YN3++) 
{
 var_ON4Q14[var_OI2YN3] = null;
 }
 }
",,0
"
{
 throw new var_JTMDOA.var_ASIG1X.var_77E05T();
 }
",,0
"
{
 var var_7TG98X = new var_0O44C0();
 var_7TG98X.var_L9ENXO = var_DULSWN.var_3V6BMO;
 var_7TG98X.var_3HZISZ = var_KW5M0M.var_3V6BMO;
 return var_G1MQ4F<var_7FVEF1>(var_P99350, var_7TG98X);
 }
",,0
"
{
 return this.var_Z6H493 + 1 < this.var_QSFOER.var_Z765BA();
 }
",,0
"
{
 return var_CGXQLY.var_45ZJE9(var_HUWXMO[var_03QQIU].var_7CFDFL);
 }
",,0
"
{
 var var_3UF809 = new var_3KLOA7();
 var_3UF809.var_RGJ0YE = var_KM46KH.var_Q1HQSC;
 var_3UF809.var_RCWDIL = var_Z23U8V.var_Q1HQSC;
 return var_8248DW<var_5ZA1RH>(var_73OGLT, var_3UF809);
 }
",,0
"
{
 return this.var_E23VNW.var_CBD8XR != this.var_QIPFEQ.var_VRPIPJ;
 }
",,0
"
{
 var var_6EH6IK = (int)(var_A5QTG9 >> var_8YVN3Z);
 var var_WYMFPU = (int)(var_A5QTG9 & var_6ZM383);
 var var_QO5T5M = var_ZWAWH8.var_1QLA7Y = var_Z7YUPU[var_6EH6IK];
 if ((var_QO5T5M[var_WYMFPU] & 128) == 0) 
{
 var_ZWAWH8.var_SW5K40 = var_QO5T5M[var_WYMFPU];
 var_ZWAWH8.var_M11174 = var_WYMFPU + 1;
 }
 else 
{
 var_ZWAWH8.var_SW5K40 = ((var_QO5T5M[var_WYMFPU] & 0x7f) << 8) | (var_QO5T5M[1 + var_WYMFPU] & 0xff);
 var_ZWAWH8.var_M11174 = var_WYMFPU + 2;
 var_9KCK07.var_2O0FN5(var_ZWAWH8.var_SW5K40 > 0);
 }
 }
",,0
"
{
 if (var_QQHYCP < var_UG3EHF.var_SQH6QI) 
{
 byte[] var_TFO05B = new byte[var_QQHYCP];
 var_7VERGU.var_IOF1S4.var_5RDLAE(var_UG3EHF, 0, var_TFO05B, 0, var_QQHYCP);
 var_UG3EHF = var_TFO05B;
 }
 }
",,0
"
{
 return new var_4VT1KE(var_ZLOM6M);
 }
",,0
"
{
 var_0ZB02L.var_I3TECU.var_C4EXKU.var_R1RWCX(var_LG5P3C.var_7T8EHI, var_B21RQZ, var_25V734);
 var_0ZB02L.var_78TW3L.var_2CWSL4 var_R7IWI2 = new var_0ZB02L.var_78TW3L.var_3QPTJ9(var_LG5P3C);
 var_R7IWI2.var_JDBELH = var_B21RQZ;
 var_R7IWI2.var_OP8VA2 = var_B21RQZ + var_25V734;
 return var_R7IWI2;
 }
",,0
"
{
 var var_BB0RQC = new var_0CY8VS();
 var_BB0RQC.var_062U5U = var_6V8VYK.var_7LSJ4K;
 var_BB0RQC.var_IM4R39 = var_W0F69Q.var_7LSJ4K;
 return var_MP95YC<var_2PT2OY>(var_ZFX20G, var_BB0RQC);
 }
",,0
"
{
 var var_1ZPRFY = new var_WVYIJA();
 var_1ZPRFY.var_LZ1W9N = var_7K9I7E.var_YPSSCI;
 var_1ZPRFY.var_CFNQQQ = var_C3UNAB.var_YPSSCI;
 return var_MWCBNZ<var_TJHAT1>(var_8KC0OU, var_1ZPRFY);
 }
",,0
"
{
 var var_11H835 = new var_MV8NYG();
 var_11H835.var_H8XPLG = var_THX1BE.var_BKNYL5;
 var_11H835.var_ZQ4YTZ = var_JM4ZAL.var_BKNYL5;
 return var_SPV3EA<var_UEPHJC>(var_L0S80I, var_11H835);
 }
",,0
"
{
 var_P09W0U<int> var_B14MLZ = new var_VYLFAP<int>();
 int var_RYM2T6 = var_2HSX50.var_HEFZK3;
 for (int var_TG88W2 = 0;
 var_TG88W2 < var_RYM2T6;
 var_TG88W2++) 
{
 var_HCGN7E var_72NK7R = var_2HSX50[var_TG88W2];
 int var_Q1RT0L = var_72NK7R.var_Q1RT0L;
 int var_FBAT7O = var_72NK7R.var_FBAT7O;
 for (int var_3TFNOJ = var_Q1RT0L;
 var_3TFNOJ <= var_FBAT7O;
 var_3TFNOJ++) 
{
 var_B14MLZ.var_XFGQSC(var_3TFNOJ);
 }
 }
 return var_B14MLZ;
 }
",,0
"
{
 var_35HF90 = var_0I0IQL;
 var_OBSNHF = var_V4CLBC;
 var_E7RRNF = var_RMJ9MK;
 }
",,0
"
{
 var_J9C09E var_KQ4SSZ = new var_J9C09E();
 int var_H83349;
 if (var_SJQ1YC == 1) 
{
 var_H83349 = var_KQ4SSZ.var_KJ7YCW(var_XKLCN6, var_E363RQ.var_W4KMFR, var_67FZT1.var_3644FW);
 }
 else 
{
 var_H83349 = var_KQ4SSZ.var_KJ7YCW(var_XKLCN6, var_E363RQ.var_W4KMFR, var_67FZT1.var_YGZF2S);
 }
 return var_H83349;
 }
",,0
"
{
 string var_GJIYC0 = ""d:"" + var_086FW1 + "" o:"" + var_HA45SY + "" p:"" + var_QY0D1M + "" c:"" + var_O1J6HV;
 if (var_8TIKPV >= 0) 
{
 var_GJIYC0 += "" rpt:"" + var_8TIKPV + "",i"" + var_6EHG4S;
 }
 return var_GJIYC0;
 }
",,0
"
{
 return var_BVUGB9(0);
 }
",,0
"
{
 var var_T1M2SC = new var_9QP43Y();
 var_T1M2SC.var_IPU7YP = var_ZFN3YQ.var_R25DTG;
 var_T1M2SC.var_FZPAZX = var_UXK3SJ.var_R25DTG;
 return var_IL4733<var_1Z1TOJ>(var_SRUV4X, var_T1M2SC);
 }
",,0
"
{
 this.var_WGRYTV = var_35W85F;
 }
",,0
"
{
 if (var_IM4A5W != null) 
{
 throw new var_SDKE0I(var_L1299Z.var_EH5BR7(var_Q0IL8M.var_UPXS2H().var_MWY0NK, ""<paths>..."", ""[--mixed | --soft | --hard]""));
 }
 var_ZWPANC.var_9JDEQ1(var_YFRZTQ);
 return this;
 }
",,0
"
{
 int var_SZ19ZR = 0;
 for (var_WDKBU1 var_BPREZ2 = var_DXCRYD.var_MDA0SU();
 var_BPREZ2.var_EXLLVU();
 ) 
{
 var_TYNY19 var_IR7FWI = (var_TYNY19)var_BPREZ2.var_ZTGTZ9;
 if (var_IR7FWI.var_IGOJNO == var_E1HGL2) 
{
 if (var_SZ19ZR++ == var_0SKOFZ)return var_IR7FWI;
 }
 }
 return null;
 }
",,0
"
{
 return var_782BBM().var_0EWHB2();
 }
",,0
"
{
 var var_XLC6I6 = new var_K64WXZ();
 var_XLC6I6.var_5KJ3L5 = var_WH0Z7N.var_KFJA9E;
 var_XLC6I6.var_PHUSCF = var_Y4IXSS.var_KFJA9E;
 return var_LIZR5K<var_314D9H>(var_S0UIFW, var_XLC6I6);
 }
",,0
"
{
 var var_YOBS25 = new var_X8H9DY();
 var_YOBS25.var_LPBC70 = var_4HZIRL.var_M2PBB4;
 var_YOBS25.var_B0DOPV = var_BDS0HN.var_M2PBB4;
 return var_WHFLRP<var_0H0ZRG>(var_AXG2OB, var_YOBS25);
 }
",,0
"
{
 return var_SOUCH1;
 }
",,0
"
{
 lock (this) 
{
 var_BVW54B.var_BXHGO3.var_4LQRUT<var_B88VGU> var_1YN4LV = var_1PUMNW;
 return (var_1YN4LV != null) ? var_1YN4LV : (var_1PUMNW = new var_BVW54B.var_BXHGO3.var_76PJ9Y<var_B88VGU, var_5YOD09>.var_Z5EAJP(this));
 }
 }
",,0
"
{
 var_BSKS1O = var_VIA07T;
 var_EVRBG3 = var_PO3QP3;
 }
",,0
"
{
 return new var_D93GXM.var_PLNI9H.var_9NMOKC(var_VBHQSK);
 }
",,0
"
{
 var_WIW6R2(true, true);
 }
",,0
"
{
 double var_95CRSN = 1;
 if (var_8ELSBX < 0 || var_PL1S63 < 0 || var_8ELSBX < var_PL1S63) 
{
 var_95CRSN = double.var_NHKTJE;
 }
 else 
{
 int var_ET412M = var_92XARX.var_SSLFMF(var_8ELSBX - var_PL1S63, var_PL1S63);
 int var_MF05DT = var_92XARX.var_3OV0CO(var_8ELSBX - var_PL1S63, var_PL1S63);
 for (int var_6918KH = var_MF05DT;
 var_6918KH < var_8ELSBX;
 var_6918KH++) 
{
 var_95CRSN *= var_6918KH + 1;
 }
 var_95CRSN /= var_C6IWIG(var_ET412M);
 }
 return var_95CRSN;
 }
",,0
"
{
 return var_EUZVDY(var_D0NEPT, 16);
 }
",,0
"
{
 return var_P8Q94U().var_WRD9SJ();
 }
",,0
"
{
 var_11AKWM[] var_329SKG = var_C0243J.var_W5BCFD();
 var_XNWQQB.var_UP3C1I(var_329SKG, new var_QL3DH5());
 return var_329SKG;
 }
",,0
"
{
 var var_RY3JDH = new var_8R1J4W();
 var_RY3JDH.var_1O78LP = var_QKSMC9.var_OJNJHO;
 var_RY3JDH.var_CS9FC6 = var_D29D3J.var_OJNJHO;
 return var_PB2B03<var_LC66YC>(var_1JIC72, var_RY3JDH);
 }
",,0
"
{
 lock (this.var_M49BHS) 
{
 if (this.var_4IMKAI != null) 
{
 this.var_4IMKAI.var_CI40DN ();
 this.var_4IMKAI = null;
 this.var_M49BHS.var_UC84SY ();
 }
 }
 }
",,0
"
{
 if (var_FEM5OG(var_6GO9JT, var_5YI939)) 
{
 return var_6GO9JT;
 }
 if (var_FEM5OG(new var_3QW77E(var_6GO9JT, var_AK28SV.var_GLPKKR), var_5YI939)) 
{
 return new var_3QW77E(var_6GO9JT, var_AK28SV.var_GLPKKR);
 }
 string var_5F5BWP = var_6GO9JT.var_SZ4N3I();
 var_3QW77E var_5E683D = var_6GO9JT.var_5NM3YW();
 if (var_FEM5OG(new var_3QW77E(var_5E683D, var_5F5BWP + var_AK28SV.var_28T4QJ), var_5YI939)) 
{
 return new var_3QW77E(var_5E683D, var_5F5BWP + var_AK28SV.var_28T4QJ);
 }
 return null;
 }
",,0
"
{
 var var_9EKYJL = new var_KMBJDO();
 var_9EKYJL.var_6CNRUN = var_YVCBRH.var_V0LJU8;
 var_9EKYJL.var_9JG6QO = var_E32LUN.var_V0LJU8;
 return var_QMS0UB<var_VPDEJK>(var_536NLC, var_9EKYJL);
 }
",,0
"
{
 var var_90HLEP = new var_4FTIG4();
 var_90HLEP.var_TTB81H = var_8NBN94.var_XOHKQM;
 var_90HLEP.var_1DI4I3 = var_8T2TK6.var_XOHKQM;
 return var_31ZTHD<var_URR5ZZ>(var_2WX036, var_90HLEP);
 }
",,0
"
{
 var_EIAZCI var_BL5LV0 = ((var_JA7U5B)var_1E1LN6).var_82Z53S;
 var_TBW3PC var_WOEH9R = (var_TBW3PC)((var_82Z53S)var_BL5LV0).var_22UM59;
 return var_WOEH9R.var_1CC98Y;
 }
",,0
"
{
 var var_BHI8R7 = new var_U2MKZ7();
 var_BHI8R7.var_8U8X2I = var_Z1UIW7.var_4GVK02;
 var_BHI8R7.var_WPE55L = var_4KSVKI.var_4GVK02;
 return var_ZTJOJT<var_M65FU6>(var_JPEOEH, var_BHI8R7);
 }
",,0
"
{
 return var_C92BFU(var_KGJX50, var_QHSY0E.var_UECC5E.var_48JLEC(var_B6JVQ4));
 }
",,0
"
{
 if (!(var_10IXR8 is var_AU3ZNA)) 
{
 throw new var_E6XK90.var_KXUB10(""cannot change value type from "" + var_10IXR8.var_ZZDVZX().var_UEYCVN + "" to BytesRef"");
 }
 if (var_9WZQS7.var_Y6MMZJ) 
{
 throw new var_E6XK90.var_KXUB10(""cannot set a BytesRef value on an indexed field"");
 }
 var_10IXR8 = var_94P6MD;
 }
",,0
"
{
 return var_3UP12H is var_YJ195K;
 }
",,0
"
{
 var var_7LNT1U = new var_QEAV1U();
 var_7LNT1U.var_L2RWXC = var_ZAZT65.var_M5T5B3;
 var_7LNT1U.var_ILGCSY = var_T7KXAX.var_M5T5B3;
 return var_VXCQJF<var_NGXM7U>(var_NBXL63, var_7LNT1U);
 }
",,0
"
{
 var_TUPXWN var_GL7IIQ = new var_TUPXWN();
 var_GL7IIQ.var_0YHQJ1(""[PRECISION]\n"");
 var_GL7IIQ.var_0YHQJ1(""    .precision       = "").var_0YHQJ1(var_SNZE0R).var_0YHQJ1(""\n"");
 var_GL7IIQ.var_0YHQJ1(""[/PRECISION]\n"");
 return var_GL7IIQ.var_CL7SM8();
 }
",,0
"
{
 return var_6GJ4MD(var_ISO58G, var_VVT38V, var_RK00NJ, var_Q1E9XI, 0);
 }
",,0
"
{
 var_YOTRZ1 var_SKJC18 = var_MKWLFZ(var_9TD8XS.var_2H7XKU);
 return new var_FJGRGT(var_9TD8XS.var_HO1YNM, var_9TD8XS.var_H8HVFI,var_9TD8XS.var_J490X2, var_9TD8XS.var_NDCUQ4, var_SKJC18);
 }
",,0
"
{
 var_6VV2YM.var_DNQB7T.var_M1A3NP var_PPIFI9 = (var_6VV2YM.var_DNQB7T.var_M1A3NP)var_I6U62T;
 if (var_PPIFI9 != null) 
{
 return var_B7XNXI == var_PPIFI9.var_B7XNXI && var_DZB6H9 == var_PPIFI9.var_DZB6H9 && var_D8OQWC == var_PPIFI9.var_D8OQWC && var_6TIFGU == var_PPIFI9.var_6TIFGU;
 }
 return false;
 }
",,0
"
{
 return (var_65WOE3 <= var_8EIP8A) && (var_FTG3E1 >= var_8EIP8A);
 }
",,0
"
{
 var_B712FF = var_97FI70;
 var_NL4V0Y = var_XOQQOA;
 }
",,0
"
{
 if (var_9ZCSN0 == null && var_0E9CT7 == null && var_3NH8PQ != null && var_3NH8PQ.var_TOMLV9(""-"", var_VYC1QB.var_S5R0E8)) 
{
 return ""-"";
 }
 var_S5C84D var_21280J = new var_S5C84D("" 
{
 "");
 var_21280J.var_FBO7EN(var_3NH8PQ);
 var_21280J.var_FBO7EN(""}
 
{
 "");
 var_21280J.var_FBO7EN(var_0E9CT7);
 var_21280J.var_FBO7EN(""}
 
{
 "");
 var_21280J.var_FBO7EN(var_9ZCSN0);
 var_21280J.var_FBO7EN('}
 ');
 return var_21280J.var_C9RWGI();
 }
",,0
"
{
 var var_8T54R6 = new var_F7MFIJ();
 var_8T54R6.var_3WVC0W = var_EEFRO5.var_JIGPKJ;
 var_8T54R6.var_9DJ3SZ = var_PBJ6PS.var_JIGPKJ;
 return var_ZLEXZM<var_P95WQ5>(var_Z1BY2O, var_8T54R6);
 }
",,0
"
{
 var_H7GJLF = new var_O237LM(var_0UTEF2);
 }
",,0
"
{
 return var_B2DZ3I(new var_WAA4KF());
 }
",,0
"
{
 var_WK1VAB.var_XGW97P(new var_Z5L4FY(var_TYWEEO.var_K83TUW().var_ASVKVL()));
 return this;
 }
",,0
"
{
 var var_2R3LP3 = new var_HO3LPU();
 var_2R3LP3.var_HNG1SL = var_M8M1ZP.var_H6PQCQ;
 var_2R3LP3.var_08K8YO = var_RQ4PTQ.var_H6PQCQ;
 return var_Q5ISMP<var_R86FXX>(var_MHHF5Y, var_2R3LP3);
 }
",,0
"
{
 this.var_K7HR84 = var_K7HR84;
 }
",,0
"
{
 this.var_AGL6K2 = var_AGL6K2;
 var_77AYGV var_E9RUCE = var_4KWAFN();
 var_ZXOL6A.var_SWDO2M( var_E9RUCE == null);
 }
",,0
"
{
 return var_TT6X06(var_WYK9OM, 1 + var_WYK9OM.var_KSL6II);
 }
",,0
"
{
 this.var_RLVQC3 = var_RLVQC3;
 this.var_CS6BVY = var_CS6BVY;
 }
",,0
"
{
 var var_WP8GHM = new var_CQHYQT();
 var_WP8GHM.var_ZEP1KM = var_9WYBD3.var_H75O7K;
 var_WP8GHM.var_9OX58O = var_6N92QA.var_H75O7K;
 return var_YSMICU<var_D4K4JN>(var_4H565K, var_WP8GHM);
 }
",,0
"
{
 var_Z3JPGG = var_0FMRNY;
 var_2X7W2Y = var_58QE6U;
 var_N0NY0M = var_XLO7Q8;
 }
",,0
"
{
 var_52OMJG[var_9Y5XLJ++] = var_35ZZ3W;
 }
",,0
"
{
 lock (this.var_B3GRHP) 
{
 int var_SOTPIM = this.var_B3GRHP.var_DYYJJL;
 this.var_B3GRHP.var_CY6PFN(var_27I166);
 return this.var_B3GRHP.var_DYYJJL != var_SOTPIM;
 }
 }
",,0
"
{
 return false;
 }
",,0
